id,name,system
317967304,ac-library,aarch64-linux
317967341,acl2-minimal,aarch64-linux
317967368,acpica-tools,aarch64-darwin
317967977,akkoma-admin-fe,aarch64-darwin
317967990,akkoma-admin-fe,x86_64-darwin
317969340,alice-tools-qt6,aarch64-darwin
317969342,alice-tools-qt6,x86_64-darwin
317969738,angelscript,x86_64-darwin
317970327,apftool-rs,aarch64-linux
317970468,applgrid,aarch64-linux
317970684,arftracksat,aarch64-darwin
317970695,arftracksat,x86_64-darwin
317970682,argagg,x86_64-darwin
317971004,armTrustedFirmwareTools,aarch64-darwin
317971147,armTrustedFirmwareTools,x86_64-darwin
317970888,arping,aarch64-darwin
317970889,arping,x86_64-darwin
317971711,ath9k-htc-blobless-firmware,aarch64-linux
317971837,atlauncher,aarch64-linux
317972078,autopsy,x86_64-darwin
317972117,autopsy,x86_64-linux
317972205,avy,aarch64-linux
317972206,avy,x86_64-linux
317972209,aw-notify,aarch64-darwin
317972211,aw-notify,x86_64-darwin
317972456,azahar,aarch64-darwin
317972475,azahar,x86_64-darwin
317973424,bacula,x86_64-darwin
317973490,ballerburg,aarch64-darwin
317973494,ballerburg,x86_64-darwin
317973526,banana-vera,aarch64-darwin
317973531,banana-vera,x86_64-darwin
317974506,bencode,x86_64-linux
317974842,bino3d,aarch64-darwin
317974785,bino3d,aarch64-linux
317974862,bino3d,x86_64-darwin
317974788,bino3d,x86_64-linux
317975169,blobtools,aarch64-darwin
317975170,blobtools,x86_64-darwin
317975240,blockstream-electrs,x86_64-linux
317975360,bodyclose,aarch64-darwin
317975359,bodyclose,aarch64-linux
317975361,bodyclose,x86_64-darwin
317975365,bodyclose,x86_64-linux
317975436,bonzomatic,x86_64-linux
317975544,bootil,aarch64-darwin
317975545,bootil,x86_64-darwin
317975776,brewtarget,aarch64-darwin
317975777,brewtarget,x86_64-darwin
317975791,brickstore,aarch64-linux
317975795,brickstore,x86_64-linux
317975809,brlcad,x86_64-linux
317976109,buildah-unwrapped,x86_64-darwin
317976495,c0,aarch64-darwin
317976519,c3c,x86_64-darwin
317976627,cairo-lang,aarch64-darwin
317976622,cairo-lang,aarch64-linux
317976626,cairo-lang,x86_64-darwin
317976625,cairo-lang,x86_64-linux
317976759,candle,aarch64-darwin
317976764,candle,x86_64-darwin
317976999,cargo-codspeed,aarch64-darwin
317977009,cargo-codspeed,aarch64-linux
317977001,cargo-codspeed,x86_64-darwin
317977035,cargo-deb,aarch64-darwin
317977032,cargo-deb,x86_64-darwin
317977269,cargo-raze,aarch64-darwin
317977273,cargo-raze,x86_64-darwin
317977279,cargo-risczero,aarch64-darwin
317977287,cargo-risczero,x86_64-darwin
317977297,cargo-semver-checks,aarch64-darwin
317977293,cargo-semver-checks,aarch64-linux
317977298,cargo-semver-checks,x86_64-darwin
317977371,cargo-ui,aarch64-darwin
317977375,cargo-ui,x86_64-darwin
317977457,carps-cups,aarch64-darwin
317977454,carps-cups,x86_64-darwin
317977485,cassandra-cpp-driver,x86_64-darwin
317977484,cassandra-cpp-driver,x86_64-linux
317977529,cataclysm-dda-git,aarch64-darwin
317977531,cataclysm-dda-git,x86_64-darwin
317977526,cataclysm-dda,aarch64-darwin
317977530,cataclysm-dda,x86_64-darwin
317977567,catboost,aarch64-darwin
317977545,catboost,aarch64-linux
317977544,catboost,x86_64-linux
317977690,cbconvert-gui,aarch64-linux
317977689,cbconvert-gui,x86_64-linux
317977686,cbconvert,aarch64-linux
317977687,cbconvert,x86_64-linux
317977899,cdesktopenv,aarch64-linux
317977902,cdesktopenv,x86_64-linux
317977910,cdktf-cli,aarch64-linux
317977931,cdktf-cli,x86_64-darwin
317977927,cdparanoia,aarch64-darwin
317977930,cdparanoia,x86_64-darwin
317977926,cdparanoiaIII,aarch64-darwin
317977932,cdparanoiaIII,x86_64-darwin
317977957,cegui,aarch64-darwin
317977960,cegui,x86_64-darwin
317978029,cernlib,x86_64-darwin
317978162,cfspeedtest,aarch64-darwin
317978172,cfspeedtest,x86_64-darwin
317978174,cfv,aarch64-darwin
317978176,cfv,x86_64-darwin
317978425,chelf,aarch64-darwin
317978427,chelf,x86_64-darwin
317978454,cherry-studio,aarch64-darwin
317978449,cherry-studio,x86_64-darwin
317980995,chrony,aarch64-darwin
317981000,chrony,x86_64-darwin
317981030,ciao,aarch64-linux
317981031,ciao,x86_64-linux
317981172,ckb-next,aarch64-linux
317981178,ckb-next,x86_64-linux
317981339,clboss,aarch64-darwin
317981348,clboss,x86_64-darwin
317981375,clever-tools,aarch64-darwin
317981380,clever-tools,aarch64-linux
317981387,clever-tools,x86_64-darwin
317981393,clfft,aarch64-darwin
317981388,clfft,x86_64-darwin
317981463,clightning,aarch64-darwin
317981468,clightning,x86_64-darwin
317981861,cmtk,aarch64-darwin
317981862,cmtk,aarch64-linux
317981863,cmtk,x86_64-darwin
317981864,cmtk,x86_64-linux
317982338,coloquinte,aarch64-linux
317982339,coloquinte,x86_64-linux
317982340,color-transformation-language,aarch64-darwin
317982343,color-transformation-language,x86_64-darwin
317982454,commafeed,aarch64-darwin
317982455,commafeed,aarch64-linux
317982463,commafeed,x86_64-darwin
317982722,conserve,x86_64-darwin
317982743,construo,aarch64-darwin
317982744,construo,x86_64-darwin
317982747,construoBase,aarch64-darwin
317982748,construoBase,x86_64-darwin
317982841,coolreader,aarch64-linux
317982844,coolreader,x86_64-linux
317982865,copacetic,aarch64-darwin
317982863,copacetic,x86_64-darwin
317983354,coredns,aarch64-darwin
317983358,coredns,x86_64-darwin
317983385,coreth,x86_64-darwin
317983554,couchdb3,x86_64-darwin
317983608,cp437,aarch64-darwin
317983610,cp437,x86_64-darwin
317983666,cppcms,aarch64-linux
317983669,cppcms,x86_64-linux
317983676,cppdb,aarch64-linux
317983674,cppdb,x86_64-linux
317983716,cpptrace,aarch64-darwin
317983721,cpptrace,x86_64-darwin
317983742,cpufetch,x86_64-darwin
317984165,csmith,aarch64-darwin
317984166,csmith,x86_64-darwin
317984283,ctpp2,aarch64-linux
317984287,ctpp2,x86_64-linux
317984416,cups-dymo,aarch64-darwin
317984418,cups-dymo,x86_64-darwin
317984499,curv,aarch64-linux
317984632,cwltool,aarch64-darwin
317984649,cwltool,x86_64-darwin
317984752,daikhan,aarch64-linux
317984992,dasher,aarch64-darwin
317984999,dasher,x86_64-darwin
317985009,dasm,x86_64-darwin
317985124,db-rest,aarch64-darwin
317985133,db-rest,x86_64-darwin
317985176,dblab,aarch64-darwin
317985179,dblab,x86_64-darwin
317985369,deadpixi-sam-unstable,aarch64-darwin
317985370,deadpixi-sam-unstable,x86_64-darwin
317985420,decker,aarch64-darwin
317985419,decker,x86_64-darwin
317985479,degate,aarch64-darwin
317985568,deluged,x86_64-darwin
317985646,deskew,aarch64-darwin
317985771,dexed,aarch64-darwin
317985774,dexed,x86_64-darwin
317985821,dgop,aarch64-darwin
317985826,dgop,x86_64-darwin
317985914,dia,aarch64-darwin
317985943,dico,aarch64-darwin
317985945,dico,x86_64-darwin
317986094,digital,aarch64-darwin
317986097,digital,x86_64-darwin
317986115,dillo-plus,aarch64-darwin
317986116,dillo-plus,x86_64-darwin
317986196,direvent,aarch64-darwin
317986195,direvent,x86_64-darwin
317986233,direwolf-unstable,aarch64-darwin
317986278,direwolf-unstable,x86_64-darwin
317986246,discordchatexporter-cli,aarch64-darwin
317986385,djgpp,x86_64-darwin
317986386,djgpp_i586,x86_64-darwin
317986393,djgpp_i686,x86_64-darwin
317986448,dleyna,aarch64-darwin
317986458,dleyna,x86_64-darwin
317986528,dnadd,aarch64-darwin
317986530,dnadd,x86_64-darwin
317986592,dnslink-std-go,aarch64-darwin
317986594,dnslink-std-go,x86_64-darwin
317986763,dockapps.wmsm-app,aarch64-darwin
317986767,dockapps.wmsm-app,x86_64-darwin
317986820,docker-machine-kvm2,aarch64-linux
317987076,dorion,aarch64-linux
317987090,dorion,x86_64-linux
317987074,dosbox,aarch64-darwin
317987077,dosbox,x86_64-darwin
317987141,dotherside,aarch64-linux
317987142,dotherside,x86_64-linux
317987571,dovecot,aarch64-darwin
317987577,dovecot,x86_64-darwin
317987728,drat,aarch64-darwin
317987730,drat,x86_64-darwin
317987773,driftnet,aarch64-darwin
317987777,driftnet,x86_64-darwin
317987901,dt,aarch64-darwin
317987895,dt,x86_64-darwin
317988061,dump1090-fa,aarch64-darwin
317988078,dump1090-fa,x86_64-darwin
317988353,easyaudiosync,aarch64-darwin
317988352,easyaudiosync,aarch64-linux
317988356,easyaudiosync,x86_64-darwin
317988355,easyaudiosync,x86_64-linux
317988471,ecl_16_1_2,aarch64-linux
317988469,ecl_16_1_2,x86_64-darwin
317988472,ecl_16_1_2,x86_64-linux
317988782,eggnog-mapper,aarch64-darwin
317988792,eggnog-mapper,x86_64-darwin
317988801,egoboo,aarch64-darwin
317988810,egoboo,x86_64-darwin
317988841,eiskaltdcpp,aarch64-linux
317988850,eiskaltdcpp,x86_64-linux
317988874,ela-widget-tools,aarch64-darwin
317988878,ela-widget-tools,x86_64-darwin
317988899,electricsheep,aarch64-linux
317988904,electricsheep,x86_64-linux
317989030,eli,aarch64-linux
317989035,eli,x86_64-linux
317989298,emiluaPlugins.tdlib,aarch64-linux
317989302,emiluaPlugins.tdlib,x86_64-linux
317989317,emmy-lua-code-style,aarch64-linux
317989320,emmy-lua-code-style,x86_64-linux
317989618,epgstation,aarch64-darwin
317989619,epgstation,x86_64-darwin
317989721,equalx,aarch64-darwin
317989715,equalx,x86_64-darwin
317989690,equibop,aarch64-linux
317989894,ete-unwrapped,aarch64-darwin
317989896,ete-unwrapped,aarch64-linux
317989929,etlegacy-unwrapped,aarch64-darwin
317989932,etlegacy-unwrapped,x86_64-darwin
317990053,eventstore,x86_64-darwin
317990127,exhaustive,aarch64-darwin
317990130,exhaustive,aarch64-linux
317990128,exhaustive,x86_64-darwin
317990129,exhaustive,x86_64-linux
317990190,explain,x86_64-linux
317990410,factoriolab,aarch64-darwin
317990473,falcon,aarch64-linux
317990474,falcon,x86_64-linux
317990667,fatcat,aarch64-darwin
317990671,fatcat,x86_64-darwin
317990784,fbv,aarch64-darwin
317990786,fbv,x86_64-darwin
317990802,fceux-qt6,aarch64-linux
317990801,fceux-qt6,x86_64-linux
317990885,fcron,aarch64-darwin
317990890,fcron,x86_64-darwin
317991123,fflas-ffpack,x86_64-darwin
317991202,ffmpeg_4-full,aarch64-darwin
317991161,ffmpeg_6-full,aarch64-darwin
317991347,filen-cli,aarch64-darwin
317991348,filen-cli,x86_64-darwin
317991915,flatcc,aarch64-darwin
317991917,flatcc,x86_64-darwin
317991949,fldigi,aarch64-darwin
317991954,fldigi,x86_64-darwin
317991967,fleng,aarch64-darwin
317991977,flex-launcher,aarch64-darwin
317991979,flex-launcher,x86_64-darwin
317992280,fmi-reference-fmus,x86_64-darwin
317992548,foonathan-memory,aarch64-darwin
317992552,foonathan-memory,x86_64-darwin
317992628,fortitude,aarch64-darwin
317992629,fortitude,x86_64-darwin
317992654,fosrl-newt,aarch64-darwin
317992656,fosrl-newt,x86_64-darwin
317992813,framac,aarch64-darwin
317992783,frawk,aarch64-darwin
317992784,frawk,aarch64-linux
317992786,frawk,x86_64-darwin
317992788,frawk,x86_64-linux
317992850,freelens-bin,aarch64-darwin
317992852,freelens-bin,x86_64-darwin
317992870,freepv,aarch64-darwin
317992871,freepv,aarch64-linux
317992873,freepv,x86_64-darwin
317992874,freepv,x86_64-linux
317993139,fteqw,aarch64-linux
317993141,fteqw,x86_64-linux
317993341,g15daemon,aarch64-darwin
317993343,g15daemon,x86_64-darwin
317993545,garble,aarch64-linux
317993546,garble,x86_64-linux
317993841,gccNGPackages_15.gcc-unwrapped,aarch64-darwin
317993839,gccNGPackages_15.gcc-unwrapped,x86_64-darwin
317993892,gccNGPackages_15.libquadmath,x86_64-linux
317994170,gemini-cli-bin,x86_64-darwin
317994362,gerbil-unstable,aarch64-darwin
317994358,gerbil-unstable,aarch64-linux
317994361,gerbil-unstable,x86_64-darwin
317994360,gerbil-unstable,x86_64-linux
317994348,gerbil,aarch64-darwin
317994354,gerbil,aarch64-linux
317994351,gerbil,x86_64-darwin
317994355,gerbil,x86_64-linux
317994433,getxbook,aarch64-darwin
317994432,getxbook,x86_64-darwin
317994489,gfxreconstruct,aarch64-linux
317994497,gfxreconstruct,x86_64-linux
317994522,ggz_base_libs,aarch64-linux
317994520,ggz_base_libs,x86_64-linux
317994643,ghdl-gcc,x86_64-linux
317994707,ghidra-extensions.gnudisassembler,aarch64-darwin
317995045,git-chain,aarch64-darwin
317995048,git-chain,x86_64-darwin
317995427,git-together,aarch64-darwin
317995425,git-together,x86_64-darwin
317995520,gitbeaker-cli,aarch64-linux
317995547,gitbeaker-cli,x86_64-darwin
317995640,gitlab-elasticsearch-indexer,aarch64-darwin
317995641,gitlab-elasticsearch-indexer,x86_64-darwin
317996014,glrnvim,aarch64-darwin
317996016,glrnvim,x86_64-darwin
317996038,gluesql,aarch64-darwin
317996039,gluesql,aarch64-linux
317996045,gluesql,x86_64-darwin
317996042,gluesql,x86_64-linux
317996117,gmu,aarch64-darwin
317996131,gmu,x86_64-darwin
317996680,gnu-cim,x86_64-darwin
317998661,gnucobol,x86_64-darwin
317998678,gnudatalanguage,aarch64-linux
317998761,gnuradio,aarch64-linux
317998767,gnuradio,x86_64-linux
317999235,goconvey,aarch64-darwin
317999233,goconvey,aarch64-linux
317999236,goconvey,x86_64-darwin
317999237,goconvey,x86_64-linux
317999590,gomacro,aarch64-darwin
317999589,gomacro,aarch64-linux
317999592,gomacro,x86_64-darwin
317999591,gomacro,x86_64-linux
317999781,gophernotes,aarch64-darwin
317999780,gophernotes,aarch64-linux
317999779,gophernotes,x86_64-darwin
317999782,gophernotes,x86_64-linux
317999852,goresym,x86_64-darwin
317999856,gorm-gentool,aarch64-darwin
317999860,gorm-gentool,aarch64-linux
317999858,gorm-gentool,x86_64-darwin
317999863,gorm-gentool,x86_64-linux
317999906,gossip,aarch64-darwin
317999910,gossip,aarch64-linux
317999924,gossip,x86_64-darwin
317999907,gossip,x86_64-linux
318000077,goxlr-utility,aarch64-darwin
318000075,goxlr-utility,x86_64-darwin
318000204,gpt4all,aarch64-linux
318000205,gpt4all,x86_64-linux
318000238,gpx,aarch64-darwin
318000236,gpx,aarch64-linux
318000240,gpx,x86_64-darwin
318000241,gpx,x86_64-linux
318000347,gradm,aarch64-linux
318000538,grafx2,aarch64-darwin
318000542,grafx2,x86_64-darwin
318000583,grap,aarch64-linux
318000592,grap,x86_64-linux
318000588,graphia,x86_64-linux
318001172,gt,aarch64-linux
318001169,gt,x86_64-linux
318001442,guile-git,aarch64-darwin
318001601,gupnp-tools,aarch64-darwin
318001610,gupnp-tools,aarch64-linux
318001606,gupnp-tools,x86_64-darwin
318001608,gupnp-tools,x86_64-linux
318001909,halide,aarch64-darwin
318001914,handlr-regex,aarch64-darwin
318001921,handlr-regex,x86_64-darwin
318002020,hash_extender,aarch64-darwin
318002023,hash_extender,x86_64-darwin
318002026,hashcash,aarch64-darwin
318002028,hashcash,x86_64-darwin
318002278,haskellPackages.AppleScript,aarch64-darwin
318002280,haskellPackages.AppleScript,x86_64-darwin
318002613,haskellPackages.GOST34112012-Hash,aarch64-darwin
318002616,haskellPackages.GOST34112012-Hash,aarch64-linux
318002823,haskellPackages.HsASA,aarch64-darwin
318002826,haskellPackages.HsASA,aarch64-linux
318002830,haskellPackages.HsHTSLib,aarch64-darwin
318002835,haskellPackages.HsHTSLib,x86_64-darwin
318006866,haskellPackages.botan-low,aarch64-linux
318007139,haskellPackages.bytestring-encoding,aarch64-darwin
318007141,haskellPackages.bytestring-encoding,x86_64-darwin
318008634,haskellPackages.copilot-c99,aarch64-darwin
318008636,haskellPackages.copilot-c99,x86_64-darwin
318009863,haskellPackages.diagrams-pandoc,aarch64-linux
318010319,haskellPackages.duckdb-haskell,aarch64-darwin
318010318,haskellPackages.duckdb-haskell,aarch64-linux
318010322,haskellPackages.duckdb-haskell,x86_64-darwin
318010757,haskellPackages.epub-metadata,aarch64-darwin
318010769,haskellPackages.epub-metadata,x86_64-darwin
318010801,haskellPackages.error-codes,aarch64-darwin
318010802,haskellPackages.error-codes,x86_64-darwin
318010984,haskellPackages.executable-hash,aarch64-darwin
318011004,haskellPackages.exinst-base,aarch64-darwin
318011011,haskellPackages.exinst-base,x86_64-darwin
318011576,haskellPackages.fold-debounce-conduit,x86_64-darwin
318011733,haskellPackages.freetype2,aarch64-darwin
318011731,haskellPackages.freetype2,aarch64-linux
318011736,haskellPackages.freetype2,x86_64-darwin
318011799,haskellPackages.fudgets,aarch64-darwin
318011806,haskellPackages.fudgets,x86_64-darwin
318012210,haskellPackages.genvalidity-dirforest,aarch64-darwin
318012216,haskellPackages.genvalidity-dirforest,x86_64-darwin
318012628,haskellPackages.gi-gdkx113,aarch64-darwin
318012630,haskellPackages.gi-gdkx113,x86_64-darwin
318012670,haskellPackages.gi-gdkx114,aarch64-darwin
318012658,haskellPackages.gi-gdkx114,x86_64-darwin
318012702,haskellPackages.gi-gtkosxapplication,aarch64-darwin
318012704,haskellPackages.gi-gtkosxapplication,x86_64-darwin
318012759,haskellPackages.gi-soup3,aarch64-darwin
318012793,haskellPackages.gi-soup3,x86_64-darwin
318013939,haskellPackages.gtk-mac-integration,aarch64-darwin
318013925,haskellPackages.gtk-mac-integration,x86_64-darwin
318013938,haskellPackages.gtk-traymanager,aarch64-darwin
318013942,haskellPackages.gtk-traymanager,x86_64-darwin
318013955,haskellPackages.gtk3-mac-integration,aarch64-darwin
318013956,haskellPackages.gtk3-mac-integration,x86_64-darwin
318014168,haskellPackages.hamid,aarch64-darwin
318014164,haskellPackages.hamid,x86_64-darwin
318014367,haskellPackages.haskell-igraph,aarch64-darwin
318014372,haskellPackages.haskell-igraph,aarch64-linux
318014703,haskellPackages.heftia-effects,aarch64-darwin
318014706,haskellPackages.heftia-effects,x86_64-darwin
318014948,haskellPackages.highlight,aarch64-darwin
318014935,haskellPackages.highlight,x86_64-darwin
318015027,haskellPackages.hlibgit2,aarch64-linux
318015029,haskellPackages.hlibgit2,x86_64-darwin
318016156,haskellPackages.huckleberry,aarch64-darwin
318016158,haskellPackages.huckleberry,x86_64-darwin
318016181,haskellPackages.hunspell-hs,aarch64-darwin
318016184,haskellPackages.hunspell-hs,x86_64-darwin
318016500,haskellPackages.implicit,aarch64-darwin
318016503,haskellPackages.implicit,x86_64-darwin
318016629,haskellPackages.inline-asm,x86_64-darwin
318016721,haskellPackages.inline-r,aarch64-darwin
318017120,haskellPackages.inline-r,x86_64-darwin
318017444,haskellPackages.kqueue,aarch64-darwin
318017453,haskellPackages.kqueue,x86_64-darwin
318018009,haskellPackages.libtorch-ffi,aarch64-darwin
318018279,haskellPackages.llvm-tf,aarch64-darwin
318018270,haskellPackages.llvm-tf,x86_64-darwin
318018853,haskellPackages.memcache,aarch64-darwin
318018856,haskellPackages.memcache,x86_64-darwin
318018893,haskellPackages.memzero,aarch64-darwin
318018896,haskellPackages.memzero,x86_64-darwin
318019109,haskellPackages.minici,aarch64-darwin
318019100,haskellPackages.minici,x86_64-darwin
318020131,haskellPackages.network-can,aarch64-darwin
318020129,haskellPackages.network-can,x86_64-darwin
318020751,haskellPackages.om-time,aarch64-darwin
318020755,haskellPackages.om-time,x86_64-darwin
318021667,haskellPackages.persistent-pagination,aarch64-darwin
318021805,haskellPackages.ping-wrapper,aarch64-darwin
318021812,haskellPackages.ping-wrapper,x86_64-darwin
318021917,haskellPackages.pipes-zlib,aarch64-darwin
318021923,haskellPackages.pipes-zlib,x86_64-darwin
318022247,haskellPackages.posix-socket,aarch64-darwin
318022242,haskellPackages.posix-socket,x86_64-darwin
318022203,haskellPackages.posix-timer,aarch64-darwin
318022205,haskellPackages.posix-timer,x86_64-darwin
318022855,haskellPackages.pthread,aarch64-darwin
318022853,haskellPackages.pthread,x86_64-darwin
318023308,haskellPackages.rawfilepath,aarch64-darwin
318023310,haskellPackages.rawfilepath,x86_64-darwin
318023335,haskellPackages.rdtsc-enolan,aarch64-darwin
318023336,haskellPackages.rdtsc-enolan,aarch64-linux
318023331,haskellPackages.rdtsc,aarch64-darwin
318023333,haskellPackages.rdtsc,aarch64-linux
318024483,haskellPackages.sdl2-cairo,aarch64-darwin
318024459,haskellPackages.sdl2-cairo,x86_64-darwin
318024492,haskellPackages.select,aarch64-darwin
318024494,haskellPackages.select,x86_64-darwin
318024948,haskellPackages.sha256,aarch64-darwin
318024937,haskellPackages.sha256,x86_64-darwin
318025179,haskellPackages.simdutf,aarch64-linux
318025476,haskellPackages.slave-thread,x86_64-darwin
318025624,haskellPackages.socket,aarch64-darwin
318025634,haskellPackages.socket,x86_64-darwin
318026219,haskellPackages.store,aarch64-darwin
318026231,haskellPackages.store,x86_64-darwin
318026792,haskellPackages.system-linux-proc,aarch64-darwin
318026785,haskellPackages.system-linux-proc,x86_64-darwin
318026898,haskellPackages.tailfile-hinotify,aarch64-darwin
318026900,haskellPackages.tailfile-hinotify,x86_64-darwin
318028256,haskellPackages.trexio-hs,aarch64-darwin
318028237,haskellPackages.trexio-hs,x86_64-darwin
318029590,haskellPackages.wai-middleware-metrics,aarch64-darwin
318029591,haskellPackages.wai-middleware-metrics,x86_64-darwin
318030175,haskellPackages.xls,aarch64-darwin
318030170,haskellPackages.xls,x86_64-darwin
318030258,haskellPackages.xmonad-utils,aarch64-darwin
318030256,haskellPackages.xmonad-utils,x86_64-darwin
318030758,haskellPackages.zlib-bytes,aarch64-darwin
318030789,haskellPackages.zlib-bytes,x86_64-darwin
318030775,haskellPackages.zot,aarch64-darwin
318030776,haskellPackages.zot,x86_64-darwin
318030787,haskellPackages.zxcvbn-c,aarch64-darwin
318030791,haskellPackages.zxcvbn-c,x86_64-darwin
318030947,hdate,aarch64-darwin
318030950,hdate,x86_64-darwin
318031246,hexagonrpc,aarch64-darwin
318031248,hexagonrpc,x86_64-darwin
318034119,hsd,aarch64-darwin
318034116,hsd,x86_64-darwin
318034287,httplz,aarch64-darwin
318034307,httplz,aarch64-linux
318034288,httplz,x86_64-darwin
318034296,httplz,x86_64-linux
318034974,hvm,aarch64-darwin
318034968,hvm,aarch64-linux
318034972,hvm,x86_64-darwin
318034976,hvm,x86_64-linux
318035319,i2pd-tools,aarch64-darwin
318035322,i2pd-tools,x86_64-darwin
318035533,icesprog,aarch64-darwin
318035531,icesprog,x86_64-darwin
318035626,iconpack-jade,aarch64-linux
318035628,iconpack-jade,x86_64-linux
318035715,id3,aarch64-darwin
318035716,id3,x86_64-darwin
318035847,idrisPackages.eternal,aarch64-darwin
318035849,idrisPackages.eternal,x86_64-darwin
318035956,idrisPackages.mhd,aarch64-darwin
318036001,idrisPackages.mhd,x86_64-darwin
318035969,idrisPackages.pacman,aarch64-darwin
318035970,idrisPackages.pacman,x86_64-darwin
318036161,igprof,x86_64-linux
318036278,imageworsener,aarch64-darwin
318036282,imageworsener,aarch64-linux
318036283,imageworsener,x86_64-darwin
318036284,imageworsener,x86_64-linux
318036721,inkscape-extensions.applytransforms,aarch64-darwin
318036720,inkscape-extensions.applytransforms,aarch64-linux
318036728,inkscape-extensions.applytransforms,x86_64-darwin
318036723,inkscape-extensions.applytransforms,x86_64-linux
318036814,inspircd,aarch64-darwin
318036818,inspircd,x86_64-darwin
318036961,iodash,aarch64-linux
318036962,iodash,x86_64-linux
318036980,ioping,aarch64-darwin
318036982,ioping,x86_64-darwin
318036990,ioq3-scion,aarch64-darwin
318036991,ioq3-scion,x86_64-darwin
318037084,ip2unix,aarch64-linux
318037207,iqtree,x86_64-darwin
318037213,iqtree,x86_64-linux
318037211,iqueue,x86_64-linux
318037263,irrlicht,aarch64-darwin
318037268,irrlicht,x86_64-darwin
318037504,jabcode-reader,x86_64-linux
318037505,jabcode-writer,x86_64-linux
318037621,jarl,aarch64-darwin
318037623,jarl,x86_64-darwin
318037810,jbofihe,aarch64-darwin
318037812,jbofihe,x86_64-darwin
318037899,jdupes,aarch64-darwin
318037907,jdupes,x86_64-darwin
318037980,jerryscript,aarch64-darwin
318037981,jerryscript,aarch64-linux
318037982,jerryscript,x86_64-darwin
318038020,jetuml,aarch64-darwin
318038022,jetuml,x86_64-darwin
318038028,jextract-21,aarch64-linux
318038032,jextract-21,x86_64-linux
318038023,jextract,aarch64-darwin
318038026,jextract,x86_64-darwin
318038442,jrsonnet,aarch64-darwin
318038443,jrsonnet,aarch64-linux
318038444,jrsonnet,x86_64-darwin
318038445,jrsonnet,x86_64-linux
318038638,jtdx,aarch64-darwin
318038660,jtdx,x86_64-darwin
318038685,julia-bin,x86_64-darwin
318038704,julia-stable-bin,x86_64-darwin
318038720,julia_112-bin,x86_64-darwin
318038766,junkie,aarch64-darwin
318038769,junkie,aarch64-linux
318038767,junkie,x86_64-darwin
318038768,junkie,x86_64-linux
318038815,jwm-settings-manager,aarch64-linux
318038817,jwm-settings-manager,x86_64-linux
318038911,kagen,x86_64-darwin
318039091,kaldi,aarch64-darwin
318039088,kaldi,x86_64-darwin
318039131,kanagawa-icon-theme,aarch64-darwin
318039134,kanagawa-icon-theme,x86_64-darwin
318039250,karlyriceditor,aarch64-linux
318039256,karlyriceditor,x86_64-linux
318039354,kcl-language-server,aarch64-linux
318039356,kcl-language-server,x86_64-linux
318039429,kdePackages.appstream-qt,aarch64-darwin
318039435,kdePackages.appstream-qt,x86_64-darwin
318040160,kdePackages.mlt,aarch64-darwin
318040151,kdePackages.mlt,x86_64-darwin
318040567,kdePackages.wayqt,aarch64-linux
318040572,kdePackages.wayqt,x86_64-linux
318040585,kdesvn,aarch64-linux
318040583,kdesvn,x86_64-linux
318040648,keeperrl,x86_64-linux
318040748,keyleds,aarch64-linux
318040747,keyleds,x86_64-linux
318040794,kgt,aarch64-darwin
318040797,kgt,x86_64-darwin
318041166,koboredux-free,aarch64-darwin
318041162,koboredux-free,aarch64-linux
318041170,koboredux-free,x86_64-darwin
318041167,koboredux-free,x86_64-linux
318041306,kodiPackages.plex-for-kodi,aarch64-darwin
318041307,kodiPackages.plex-for-kodi,x86_64-darwin
318041549,kord,aarch64-darwin
318041550,kord,aarch64-linux
318041552,kord,x86_64-darwin
318041551,kord,x86_64-linux
318041554,kore,aarch64-darwin
318041556,kore,x86_64-darwin
318041894,kubectl-kcl,aarch64-darwin
318041897,kubectl-kcl,aarch64-linux
318041900,kubectl-kcl,x86_64-darwin
318041895,kubectl-kcl,x86_64-linux
318042361,landrun,aarch64-linux
318042610,lcm,aarch64-darwin
318042614,lcm,x86_64-darwin
318042728,lean,aarch64-darwin
318042730,lean,x86_64-darwin
318042733,lean2,x86_64-darwin
318042735,lean2,x86_64-linux
318042732,lean3,aarch64-darwin
318042738,lean3,x86_64-darwin
318043231,lektor,aarch64-darwin
318043160,lektor,aarch64-linux
318043197,lektor,x86_64-darwin
318043252,lektor,x86_64-linux
318042935,lerna_6,aarch64-linux
318043676,libation,aarch64-darwin
318043451,libation,x86_64-darwin
318043380,libcardiacarrest,aarch64-darwin
318043382,libcardiacarrest,x86_64-darwin
318043520,libcork,aarch64-darwin
318043524,libcork,x86_64-darwin
318043591,libcue-lang,aarch64-darwin
318043594,libcue-lang,x86_64-darwin
318043598,libcutl,aarch64-darwin
318043707,libdjinterop,aarch64-darwin
318043710,libdjinterop,x86_64-darwin
318043772,libdynd,aarch64-linux
318043771,libdynd,x86_64-linux
318043781,libe-book,aarch64-darwin
318043786,libe-book,x86_64-darwin
318043854,liberal-crime-squad,aarch64-darwin
318043828,liberal-crime-squad,x86_64-darwin
318043876,libesmtp,aarch64-darwin
318043878,libesmtp,x86_64-darwin
318043918,libexecinfo,aarch64-darwin
318043916,libexecinfo,x86_64-darwin
318044038,libfsm,aarch64-darwin
318044042,libfsm,x86_64-darwin
318044069,libgda5,aarch64-darwin
318044070,libgda5,aarch64-linux
318044071,libgda5,x86_64-darwin
318044074,libgda5,x86_64-linux
318044379,libinjection,aarch64-darwin
318044380,libinjection,x86_64-darwin
318044556,liblastfmSF,aarch64-darwin
318044557,liblastfmSF,x86_64-darwin
318044562,liblbfgs,aarch64-darwin
318044817,libmspub,x86_64-darwin
318045095,libopensmtpd,aarch64-darwin
318045097,libopensmtpd,x86_64-darwin
318045229,libpisp,aarch64-darwin
318045233,libpisp,x86_64-darwin
318045342,libpulsar,aarch64-darwin
318045466,libredwg,aarch64-darwin
318045465,libredwg,x86_64-darwin
318046043,libsForQt5.libcommuni,aarch64-darwin
318046044,libsForQt5.libcommuni,x86_64-darwin
318046091,libsForQt5.mlt,aarch64-darwin
318046120,libsForQt5.mlt,x86_64-darwin
318046080,libsForQt5.phonon,aarch64-darwin
318046083,libsForQt5.phonon,x86_64-darwin
318046126,libsForQt5.pulseaudio-qt,aarch64-darwin
318046116,libsForQt5.pulseaudio-qt,x86_64-darwin
318046136,libsForQt5.qoauth,aarch64-darwin
318046139,libsForQt5.qoauth,x86_64-darwin
318046385,libsForQt5.qtmpris,aarch64-darwin
318046386,libsForQt5.qtmpris,x86_64-darwin
318046763,libsquish,aarch64-darwin
318046757,libsquish,aarch64-linux
318046828,libtapi,aarch64-linux
318047007,libui-ng,aarch64-darwin
318047012,libui-ng,x86_64-darwin
318047009,libui,aarch64-darwin
318047010,libui,x86_64-darwin
318047016,libuiohook,x86_64-darwin
318047170,libvmi,x86_64-linux
318047297,libxc_7,x86_64-darwin
318047748,lightway,aarch64-darwin
318047818,lilypond,aarch64-darwin
318047762,lilypond,x86_64-darwin
318047991,linuxKernel.kernels.linux_rt_5_10,x86_64-linux
318048007,linuxKernel.packages.linux_5_10.acer-wmi-battery,aarch64-linux
318048013,linuxKernel.packages.linux_5_10.akvcam,aarch64-linux
318048015,linuxKernel.packages.linux_5_10.akvcam,x86_64-linux
318048098,linuxKernel.packages.linux_5_10.amneziawg,aarch64-linux
318048132,linuxKernel.packages.linux_5_10.amneziawg,x86_64-linux
318048060,linuxKernel.packages.linux_5_10.ax99100,aarch64-linux
318048076,linuxKernel.packages.linux_5_10.mbp2018-bridge-drv,aarch64-linux
318048077,linuxKernel.packages.linux_5_10.mbp2018-bridge-drv,x86_64-linux
318048108,linuxKernel.packages.linux_5_10.odp-dpdk,x86_64-linux
318048176,linuxKernel.packages.linux_5_10.tbs,aarch64-linux
318048179,linuxKernel.packages.linux_5_10.tsme-test,aarch64-linux
318048191,linuxKernel.packages.linux_5_10.tuxedo-drivers,x86_64-linux
318048187,linuxKernel.packages.linux_5_10.universal-pidff,aarch64-linux
318048208,linuxKernel.packages.linux_5_10.virtualboxGuestAdditions,aarch64-linux
318048225,linuxKernel.packages.linux_5_15.acer-wmi-battery,aarch64-linux
318048226,linuxKernel.packages.linux_5_15.akvcam,aarch64-linux
318048232,linuxKernel.packages.linux_5_15.akvcam,x86_64-linux
318048222,linuxKernel.packages.linux_5_15.ax99100,aarch64-linux
318048253,linuxKernel.packages.linux_5_15.batman_adv,aarch64-linux
318048259,linuxKernel.packages.linux_5_15.batman_adv,x86_64-linux
318048303,linuxKernel.packages.linux_5_15.mbp2018-bridge-drv,aarch64-linux
318048306,linuxKernel.packages.linux_5_15.mbp2018-bridge-drv,x86_64-linux
318048335,linuxKernel.packages.linux_5_15.odp-dpdk,x86_64-linux
318048405,linuxKernel.packages.linux_5_15.tbs,aarch64-linux
318048404,linuxKernel.packages.linux_5_15.tsme-test,aarch64-linux
318048414,linuxKernel.packages.linux_5_15.tuxedo-drivers,x86_64-linux
318048411,linuxKernel.packages.linux_5_15.universal-pidff,aarch64-linux
318048454,linuxKernel.packages.linux_6_1.acer-wmi-battery,aarch64-linux
318048455,linuxKernel.packages.linux_6_1.ax99100,aarch64-linux
318048473,linuxKernel.packages.linux_6_1.batman_adv,aarch64-linux
318048485,linuxKernel.packages.linux_6_1.batman_adv,x86_64-linux
318048532,linuxKernel.packages.linux_6_1.mba6x_bl,aarch64-linux
318048536,linuxKernel.packages.linux_6_1.mba6x_bl,x86_64-linux
318048539,linuxKernel.packages.linux_6_1.mbp2018-bridge-drv,aarch64-linux
318048541,linuxKernel.packages.linux_6_1.mbp2018-bridge-drv,x86_64-linux
318048575,linuxKernel.packages.linux_6_1.odp-dpdk,x86_64-linux
318048643,linuxKernel.packages.linux_6_1.tbs,aarch64-linux
318048638,linuxKernel.packages.linux_6_1.tsme-test,aarch64-linux
318048647,linuxKernel.packages.linux_6_1.universal-pidff,aarch64-linux
318048707,linuxKernel.packages.linux_6_12.acer-wmi-battery,aarch64-linux
318048759,linuxKernel.packages.linux_6_12.mba6x_bl,aarch64-linux
318048760,linuxKernel.packages.linux_6_12.mba6x_bl,x86_64-linux
318048763,linuxKernel.packages.linux_6_12.mbp2018-bridge-drv,aarch64-linux
318048761,linuxKernel.packages.linux_6_12.mbp2018-bridge-drv,x86_64-linux
318048792,linuxKernel.packages.linux_6_12.odp-dpdk,x86_64-linux
318048856,linuxKernel.packages.linux_6_12.tbs,aarch64-linux
318048862,linuxKernel.packages.linux_6_12.tsme-test,aarch64-linux
318048917,linuxKernel.packages.linux_6_12_hardened.acer-wmi-battery,aarch64-linux
318048988,linuxKernel.packages.linux_6_12_hardened.mba6x_bl,aarch64-linux
318048990,linuxKernel.packages.linux_6_12_hardened.mba6x_bl,x86_64-linux
318048989,linuxKernel.packages.linux_6_12_hardened.mbp2018-bridge-drv,aarch64-linux
318048992,linuxKernel.packages.linux_6_12_hardened.mbp2018-bridge-drv,x86_64-linux
318049018,linuxKernel.packages.linux_6_12_hardened.odp-dpdk,x86_64-linux
318049085,linuxKernel.packages.linux_6_12_hardened.tbs,aarch64-linux
318049087,linuxKernel.packages.linux_6_12_hardened.tsme-test,aarch64-linux
318049134,linuxKernel.packages.linux_6_18.acer-wmi-battery,aarch64-linux
318049159,linuxKernel.packages.linux_6_18.cryptodev,aarch64-linux
318049160,linuxKernel.packages.linux_6_18.cryptodev,x86_64-linux
318049252,linuxKernel.packages.linux_6_18.digimend,aarch64-linux
318049167,linuxKernel.packages.linux_6_18.digimend,x86_64-linux
318049190,linuxKernel.packages.linux_6_18.hpuefi-mod,x86_64-linux
318049207,linuxKernel.packages.linux_6_18.liquidtux,x86_64-linux
318049211,linuxKernel.packages.linux_6_18.mba6x_bl,aarch64-linux
318049212,linuxKernel.packages.linux_6_18.mba6x_bl,x86_64-linux
318049213,linuxKernel.packages.linux_6_18.mbp2018-bridge-drv,aarch64-linux
318049214,linuxKernel.packages.linux_6_18.mbp2018-bridge-drv,x86_64-linux
318049220,linuxKernel.packages.linux_6_18.msi-ec,aarch64-linux
318049243,linuxKernel.packages.linux_6_18.odp-dpdk,x86_64-linux
318049271,linuxKernel.packages.linux_6_18.rtl8852bu,x86_64-linux
318049298,linuxKernel.packages.linux_6_18.tsme-test,aarch64-linux
318049322,linuxKernel.packages.linux_6_18.vmm_clock,x86_64-linux
318049345,linuxKernel.packages.linux_6_6.acer-wmi-battery,aarch64-linux
318049351,linuxKernel.packages.linux_6_6.ax99100,aarch64-linux
318049378,linuxKernel.packages.linux_6_6.batman_adv,aarch64-linux
318049355,linuxKernel.packages.linux_6_6.batman_adv,x86_64-linux
318049428,linuxKernel.packages.linux_6_6.mba6x_bl,aarch64-linux
318049435,linuxKernel.packages.linux_6_6.mba6x_bl,x86_64-linux
318049426,linuxKernel.packages.linux_6_6.mbp2018-bridge-drv,aarch64-linux
318049430,linuxKernel.packages.linux_6_6.mbp2018-bridge-drv,x86_64-linux
318049458,linuxKernel.packages.linux_6_6.odp-dpdk,x86_64-linux
318049525,linuxKernel.packages.linux_6_6.tbs,aarch64-linux
318049527,linuxKernel.packages.linux_6_6.tbs,x86_64-linux
318049531,linuxKernel.packages.linux_6_6.tsme-test,aarch64-linux
318049536,linuxKernel.packages.linux_6_6.universal-pidff,aarch64-linux
318049576,linuxKernel.packages.linux_hardened.acer-wmi-battery,aarch64-linux
318049657,linuxKernel.packages.linux_hardened.mba6x_bl,aarch64-linux
318049656,linuxKernel.packages.linux_hardened.mba6x_bl,x86_64-linux
318049659,linuxKernel.packages.linux_hardened.mbp2018-bridge-drv,aarch64-linux
318049658,linuxKernel.packages.linux_hardened.mbp2018-bridge-drv,x86_64-linux
318049698,linuxKernel.packages.linux_hardened.odp-dpdk,x86_64-linux
318049746,linuxKernel.packages.linux_hardened.tbs,aarch64-linux
318049751,linuxKernel.packages.linux_hardened.tsme-test,aarch64-linux
318049813,linuxKernel.packages.linux_lqx.cryptodev,x86_64-linux
318049815,linuxKernel.packages.linux_lqx.digimend,x86_64-linux
318049832,linuxKernel.packages.linux_lqx.hpuefi-mod,x86_64-linux
318050201,linuxKernel.packages.linux_lqx.liquidtux,x86_64-linux
318049845,linuxKernel.packages.linux_lqx.lttng-modules,x86_64-linux
318049846,linuxKernel.packages.linux_lqx.mba6x_bl,x86_64-linux
318049849,linuxKernel.packages.linux_lqx.mbp2018-bridge-drv,x86_64-linux
318049866,linuxKernel.packages.linux_lqx.odp-dpdk,x86_64-linux
318049882,linuxKernel.packages.linux_lqx.rtl8852bu,x86_64-linux
318049915,linuxKernel.packages.linux_lqx.vmm_clock,x86_64-linux
318049979,linuxKernel.packages.linux_xanmod.mba6x_bl,x86_64-linux
318049980,linuxKernel.packages.linux_xanmod.mbp2018-bridge-drv,x86_64-linux
318050001,linuxKernel.packages.linux_xanmod.odp-dpdk,x86_64-linux
318050088,linuxKernel.packages.linux_xanmod_latest.cryptodev,x86_64-linux
318050091,linuxKernel.packages.linux_xanmod_latest.digimend,x86_64-linux
318050107,linuxKernel.packages.linux_xanmod_latest.hpuefi-mod,x86_64-linux
318050121,linuxKernel.packages.linux_xanmod_latest.liquidtux,x86_64-linux
318050122,linuxKernel.packages.linux_xanmod_latest.mba6x_bl,x86_64-linux
318050126,linuxKernel.packages.linux_xanmod_latest.mbp2018-bridge-drv,x86_64-linux
318050138,linuxKernel.packages.linux_xanmod_latest.odp-dpdk,x86_64-linux
318050154,linuxKernel.packages.linux_xanmod_latest.rtl8852bu,x86_64-linux
318050192,linuxKernel.packages.linux_xanmod_latest.vmm_clock,x86_64-linux
318050220,linuxKernel.packages.linux_xanmod_stable.cryptodev,x86_64-linux
318050223,linuxKernel.packages.linux_xanmod_stable.digimend,x86_64-linux
318050238,linuxKernel.packages.linux_xanmod_stable.hpuefi-mod,x86_64-linux
318050251,linuxKernel.packages.linux_xanmod_stable.liquidtux,x86_64-linux
318050254,linuxKernel.packages.linux_xanmod_stable.mba6x_bl,x86_64-linux
318050256,linuxKernel.packages.linux_xanmod_stable.mbp2018-bridge-drv,x86_64-linux
318050270,linuxKernel.packages.linux_xanmod_stable.odp-dpdk,x86_64-linux
318050287,linuxKernel.packages.linux_xanmod_stable.rtl8852bu,x86_64-linux
318050323,linuxKernel.packages.linux_xanmod_stable.vmm_clock,x86_64-linux
318050353,linuxKernel.packages.linux_zen.cryptodev,x86_64-linux
318050356,linuxKernel.packages.linux_zen.digimend,x86_64-linux
318050370,linuxKernel.packages.linux_zen.hpuefi-mod,x86_64-linux
318050384,linuxKernel.packages.linux_zen.liquidtux,x86_64-linux
318050386,linuxKernel.packages.linux_zen.mba6x_bl,x86_64-linux
318050389,linuxKernel.packages.linux_zen.mbp2018-bridge-drv,x86_64-linux
318050407,linuxKernel.packages.linux_zen.odp-dpdk,x86_64-linux
318050421,linuxKernel.packages.linux_zen.rtl8852bu,x86_64-linux
318050455,linuxKernel.packages.linux_zen.vmm_clock,x86_64-linux
318050466,linuxPackages.acer-wmi-battery,aarch64-linux
318050548,linuxPackages.mba6x_bl,aarch64-linux
318050551,linuxPackages.mba6x_bl,x86_64-linux
318050553,linuxPackages.mbp2018-bridge-drv,aarch64-linux
318050554,linuxPackages.mbp2018-bridge-drv,x86_64-linux
318050583,linuxPackages.odp-dpdk,x86_64-linux
318050645,linuxPackages.tbs,aarch64-linux
318050651,linuxPackages.tsme-test,aarch64-linux
318050693,linuxPackages_latest.acer-wmi-battery,aarch64-linux
318050726,linuxPackages_latest.cryptodev,aarch64-linux
318050872,linuxPackages_latest.cryptodev,x86_64-linux
318050729,linuxPackages_latest.digimend,aarch64-linux
318050732,linuxPackages_latest.digimend,x86_64-linux
318050758,linuxPackages_latest.hpuefi-mod,x86_64-linux
318050773,linuxPackages_latest.liquidtux,x86_64-linux
318050779,linuxPackages_latest.mba6x_bl,aarch64-linux
318050781,linuxPackages_latest.mba6x_bl,x86_64-linux
318050780,linuxPackages_latest.mbp2018-bridge-drv,aarch64-linux
318050782,linuxPackages_latest.mbp2018-bridge-drv,x86_64-linux
318050788,linuxPackages_latest.msi-ec,aarch64-linux
318050812,linuxPackages_latest.odp-dpdk,x86_64-linux
318050837,linuxPackages_latest.rtl8852bu,x86_64-linux
318050865,linuxPackages_latest.tsme-test,aarch64-linux
318050968,linuxPackages_latest.vmm_clock,x86_64-linux
318050923,linuxPackages_lqx.cryptodev,x86_64-linux
318050926,linuxPackages_lqx.digimend,x86_64-linux
318050941,linuxPackages_lqx.hpuefi-mod,x86_64-linux
318050953,linuxPackages_lqx.liquidtux,x86_64-linux
318051055,linuxPackages_lqx.lttng-modules,x86_64-linux
318050956,linuxPackages_lqx.mba6x_bl,x86_64-linux
318050958,linuxPackages_lqx.mbp2018-bridge-drv,x86_64-linux
318050975,linuxPackages_lqx.odp-dpdk,x86_64-linux
318050991,linuxPackages_lqx.rtl8852bu,x86_64-linux
318051024,linuxPackages_lqx.vmm_clock,x86_64-linux
318051094,linuxPackages_xanmod.mba6x_bl,x86_64-linux
318051090,linuxPackages_xanmod.mbp2018-bridge-drv,x86_64-linux
318051109,linuxPackages_xanmod.odp-dpdk,x86_64-linux
318051200,linuxPackages_xanmod_latest.cryptodev,x86_64-linux
318051251,linuxPackages_xanmod_latest.digimend,x86_64-linux
318051217,linuxPackages_xanmod_latest.hpuefi-mod,x86_64-linux
318051231,linuxPackages_xanmod_latest.liquidtux,x86_64-linux
318051234,linuxPackages_xanmod_latest.mba6x_bl,x86_64-linux
318051235,linuxPackages_xanmod_latest.mbp2018-bridge-drv,x86_64-linux
318051353,linuxPackages_xanmod_latest.odp-dpdk,x86_64-linux
318051267,linuxPackages_xanmod_latest.rtl8852bu,x86_64-linux
318051300,linuxPackages_xanmod_latest.vmm_clock,x86_64-linux
318051329,linuxPackages_xanmod_stable.cryptodev,x86_64-linux
318051331,linuxPackages_xanmod_stable.digimend,x86_64-linux
318051346,linuxPackages_xanmod_stable.hpuefi-mod,x86_64-linux
318051360,linuxPackages_xanmod_stable.liquidtux,x86_64-linux
318051363,linuxPackages_xanmod_stable.mba6x_bl,x86_64-linux
318051364,linuxPackages_xanmod_stable.mbp2018-bridge-drv,x86_64-linux
318051583,linuxPackages_xanmod_stable.odp-dpdk,x86_64-linux
318051396,linuxPackages_xanmod_stable.rtl8852bu,x86_64-linux
318051431,linuxPackages_xanmod_stable.vmm_clock,x86_64-linux
318051459,linuxPackages_zen.cryptodev,x86_64-linux
318051461,linuxPackages_zen.digimend,x86_64-linux
318051524,linuxPackages_zen.hpuefi-mod,x86_64-linux
318051488,linuxPackages_zen.liquidtux,x86_64-linux
318051493,linuxPackages_zen.mba6x_bl,x86_64-linux
318051494,linuxPackages_zen.mbp2018-bridge-drv,x86_64-linux
318051511,linuxPackages_zen.odp-dpdk,x86_64-linux
318051528,linuxPackages_zen.rtl8852bu,x86_64-linux
318051561,linuxPackages_zen.vmm_clock,x86_64-linux
318051612,linuxkit,aarch64-darwin
318051622,linuxkit,x86_64-darwin
318051737,live555,aarch64-darwin
318051739,live555,x86_64-darwin
318053110,loganalyzer,aarch64-darwin
318053108,loganalyzer,x86_64-darwin
318053238,loki,aarch64-darwin
318053242,loki,x86_64-darwin
318054109,lua51Packages.lux-lua,x86_64-darwin
318054226,lua51Packages.rocks-dev-nvim,aarch64-darwin
318054325,lua51Packages.rocks-dev-nvim,x86_64-darwin
318054851,lua52Packages.lux-lua,x86_64-darwin
318055540,lua53Packages.lux-lua,x86_64-darwin
318056193,lua54Packages.lux-lua,x86_64-darwin
318056845,luaPackages.lux-lua,x86_64-darwin
318057210,luajitPackages.lrexlib-gnu,aarch64-darwin
318057211,luajitPackages.lrexlib-gnu,aarch64-linux
318057213,luajitPackages.lrexlib-gnu,x86_64-darwin
318057218,luajitPackages.lrexlib-gnu,x86_64-linux
318057236,luajitPackages.lua-cmsgpack,aarch64-darwin
318057238,luajitPackages.lua-cmsgpack,aarch64-linux
318057237,luajitPackages.lua-cmsgpack,x86_64-darwin
318057239,luajitPackages.lua-cmsgpack,x86_64-linux
318057492,luajitPackages.lux-lua,x86_64-darwin
318057775,lucky-commit,aarch64-darwin
318058167,m1n1,aarch64-darwin
318058350,maiko,aarch64-darwin
318058352,maiko,x86_64-darwin
318058507,makehuman,aarch64-darwin
318058486,makehuman,aarch64-linux
318058470,makehuman,x86_64-darwin
318058469,makehuman,x86_64-linux
318058601,manticoresearch,aarch64-darwin
318058602,manticoresearch,aarch64-linux
318058603,manticoresearch,x86_64-darwin
318058605,manticoresearch,x86_64-linux
318059020,maskromtool,aarch64-darwin
318059038,maskromtool,x86_64-darwin
318059202,mathemagix,x86_64-linux
318059422,mayo,aarch64-darwin
318059443,mayo,x86_64-darwin
318059530,mcfm,x86_64-darwin
318059527,mcfm,x86_64-linux
318059847,mediaelch-qt5,aarch64-linux
318059850,mediaelch-qt5,x86_64-linux
318059866,mediasynclite,aarch64-darwin
318059869,mediasynclite,x86_64-darwin
318059868,mediathekview,aarch64-darwin
318059871,mediathekview,x86_64-darwin
318059966,meli,aarch64-darwin
318059964,meli,aarch64-linux
318059971,meli,x86_64-darwin
318059970,meli,x86_64-linux
318060230,metapixel,aarch64-darwin
318060231,metapixel,x86_64-darwin
318060245,meteor,x86_64-darwin
318060246,meteor,x86_64-linux
318060316,mgmt,aarch64-darwin
318060322,mgmt,x86_64-darwin
318060362,microdnf,aarch64-linux
318060366,microdnf,x86_64-linux
318060383,micronucleus,aarch64-darwin
318060387,micronucleus,x86_64-darwin
318060393,micropython,x86_64-darwin
318060995,mlkit,aarch64-darwin
318060996,mlkit,x86_64-darwin
318061012,mlt,aarch64-darwin
318061014,mlt,x86_64-darwin
318061016,mlterm-wayland,aarch64-darwin
318061021,mlterm-wayland,x86_64-darwin
318061008,mlterm,aarch64-darwin
318061011,mlterm,x86_64-darwin
318061023,mlton20130715,x86_64-linux
318061028,mlton20210117,aarch64-darwin
318061165,mobsql,aarch64-darwin
318061167,mobsql,x86_64-darwin
318061414,monotone,aarch64-darwin
318061420,monotone,x86_64-darwin
318061465,moosefs,aarch64-darwin
318061471,moosefs,x86_64-darwin
318061710,mosml,aarch64-darwin
318061717,mosml,x86_64-darwin
318061760,move-mount-beneath,aarch64-darwin
318061763,move-mount-beneath,x86_64-darwin
318061886,mpd-touch-screen-gui,aarch64-linux
318061889,mpd-touch-screen-gui,x86_64-linux
318061973,mplayer,aarch64-darwin
318062303,mrpack-install,aarch64-darwin
318062304,mrpack-install,x86_64-darwin
318062316,mrtg,aarch64-darwin
318062318,mrtg,x86_64-darwin
318062319,mruby,aarch64-darwin
318062323,mruby,x86_64-darwin
318062381,msieve,aarch64-darwin
318062421,mspds,aarch64-darwin
318062422,mspds,aarch64-linux
318062425,mspds,x86_64-darwin
318062424,mspds,x86_64-linux
318062827,mucommander,aarch64-darwin
318062810,mucommander,x86_64-darwin
318062578,multipart-parser-c,aarch64-darwin
318062579,multipart-parser-c,x86_64-darwin
318062721,musly,aarch64-darwin
318062726,musly,x86_64-darwin
318062963,naev,aarch64-linux
318062968,naev,x86_64-linux
318063068,nanobench,aarch64-darwin
318063071,nanobench,x86_64-darwin
318063866,nest-cli,aarch64-darwin
318063991,netgen,aarch64-darwin
318063995,netgen,x86_64-darwin
318064006,netifd,aarch64-linux
318064007,netifd,x86_64-linux
318064042,netperf,aarch64-darwin
318064045,netperf,x86_64-darwin
318064077,nettee,aarch64-linux
318064078,nettee,x86_64-linux
318064136,neverest,aarch64-darwin
318064137,neverest,aarch64-linux
318064138,neverest,x86_64-darwin
318064139,neverest,x86_64-linux
318064154,newlib-nano,aarch64-darwin
318064155,newlib-nano,aarch64-linux
318064156,newlib-nano,x86_64-darwin
318064150,newlib,aarch64-darwin
318064151,newlib,aarch64-linux
318064152,newlib,x86_64-darwin
318064301,ngadmin,aarch64-darwin
318064304,ngadmin,x86_64-darwin
318064608,nitrokey-fido2-firmware,aarch64-darwin
318064606,nitrokey-fido2-firmware,aarch64-linux
318064607,nitrokey-fido2-firmware,x86_64-linux
318065903,nodePackages.esy,aarch64-darwin
318065904,nodePackages.esy,aarch64-linux
318066003,nodePackages_latest.esy,aarch64-darwin
318066006,nodePackages_latest.esy,aarch64-linux
318065853,nodehun,aarch64-darwin
318066054,nodehun,x86_64-darwin
318066297,notify-osd-customizable,aarch64-linux
318066299,notify-osd-customizable,x86_64-linux
318066534,nsd,aarch64-darwin
318066533,nsd,x86_64-darwin
318066788,numr,aarch64-darwin
318066789,numr,aarch64-linux
318066785,numr,x86_64-darwin
318066787,numr,x86_64-linux
318066827,nushellPlugins.semver,aarch64-darwin
318066832,nushellPlugins.semver,x86_64-darwin
318066898,nvidia-mig-parted,aarch64-darwin
318066906,nvidia-mig-parted,x86_64-darwin
318066944,nvramtool,aarch64-linux
318067115,obitools3,aarch64-darwin
318067116,obitools3,aarch64-linux
318067117,obitools3,x86_64-darwin
318067119,obitools3,x86_64-linux
318067167,obs-studio-plugins.obs-color-monitor,aarch64-linux
318067168,obs-studio-plugins.obs-color-monitor,x86_64-linux
318067235,obs-studio-plugins.obs-vertical-canvas,aarch64-linux
318067237,obs-studio-plugins.obs-vertical-canvas,x86_64-linux
318067810,ocamlPackages.class_group_vdf,aarch64-darwin
318067807,ocamlPackages.class_group_vdf,x86_64-darwin
318068318,ocamlPackages.ecaml,aarch64-darwin
318068321,ocamlPackages.ecaml,x86_64-darwin
318068326,ocamlPackages.eigen,x86_64-darwin
318068564,ocamlPackages.gapi-ocaml,aarch64-darwin
318068573,ocamlPackages.gapi-ocaml,x86_64-darwin
318069158,ocamlPackages.janeStreet.ecaml,aarch64-darwin
318069180,ocamlPackages.janeStreet.ecaml,x86_64-darwin
318069234,ocamlPackages.janeStreet.janestreet_cpuid,aarch64-darwin
318069236,ocamlPackages.janeStreet.janestreet_cpuid,aarch64-linux
318069663,ocamlPackages.janestreet_cpuid,aarch64-darwin
318069665,ocamlPackages.janestreet_cpuid,aarch64-linux
318069912,ocamlPackages.llvm,aarch64-darwin
318069904,ocamlPackages.llvm,x86_64-darwin
318070128,ocamlPackages.magic-trace,aarch64-linux
318070204,ocamlPackages.mirage-crypto-rng,x86_64-darwin
318070825,ocamlPackages.owl,aarch64-darwin
318071269,ocamlPackages.processor,x86_64-darwin
318071792,ocamlPackages.stog,aarch64-darwin
318072478,octavePackages.geometry,aarch64-darwin
318072496,octavePackages.geometry,x86_64-darwin
318072677,odamex,aarch64-darwin
318072701,odamex,x86_64-darwin
318072713,odp-dpdk,x86_64-linux
318072718,odyssey,x86_64-linux
318072786,oguri,aarch64-linux
318072789,oguri,x86_64-linux
318072874,olive-editor,aarch64-linux
318072876,olive-editor,x86_64-linux
318072960,oneDNN_2,aarch64-linux
318073165,open-policy-agent,aarch64-darwin
318073171,open-policy-agent,x86_64-darwin
318073188,open5gs-webui,aarch64-darwin
318073196,open5gs-webui,x86_64-darwin
318073252,openbabel,aarch64-linux
318073352,opencolorio_1,aarch64-darwin
318073353,opencolorio_1,aarch64-linux
318073351,opencolorio_1,x86_64-darwin
318073354,opencolorio_1,x86_64-linux
318073440,openexrid-unstable,aarch64-darwin
318073439,openexrid-unstable,aarch64-linux
318073458,openexrid-unstable,x86_64-darwin
318073448,openexrid-unstable,x86_64-linux
318073483,openfreebuds,aarch64-linux
318073482,openfreebuds,x86_64-linux
318073696,openmodelica.omcompiler,aarch64-linux
318073694,openmodelica.omcompiler,x86_64-linux
318073731,openmvs,aarch64-linux
318073758,openpa,aarch64-darwin
318073762,openpa,x86_64-darwin
318073867,opensaml-cpp,aarch64-darwin
318073874,opensaml-cpp,aarch64-linux
318073873,opensaml-cpp,x86_64-darwin
318073879,opensaml-cpp,x86_64-linux
318074158,openvscode-server,aarch64-darwin
318074162,openvscode-server,x86_64-darwin
318074185,ophcrack,aarch64-darwin
318074184,ophcrack,x86_64-darwin
318074206,opl3bankeditor,aarch64-darwin
318074210,opn2bankeditor,aarch64-darwin
318074478,osrm-backend,aarch64-darwin
318074483,osrm-backend,x86_64-darwin
318074497,ossia-score,aarch64-linux
318074496,ossia-score,x86_64-linux
318074538,otel-cli,x86_64-darwin
318074671,owncloud-client,aarch64-darwin
318074673,owncloud-client,x86_64-darwin
318074925,pam_gnupg,aarch64-darwin
318074927,pam_gnupg,x86_64-darwin
318075058,pantalaimon-headless,aarch64-linux
318075061,pantalaimon-headless,x86_64-linux
318075070,pantalaimon,aarch64-linux
318075055,pantalaimon,x86_64-linux
318075536,parseable,x86_64-darwin
318075553,partclone-utils,aarch64-darwin
318075555,partclone-utils,x86_64-darwin
318075800,paxtest,aarch64-linux
318075801,paxtest,x86_64-linux
318075882,pcb2gcode,aarch64-darwin
318075886,pcb2gcode,x86_64-darwin
318075877,pcem,aarch64-linux
318075896,pcmanx-gtk2,aarch64-linux
318075897,pcmanx-gtk2,x86_64-linux
318076044,pdfslicer,aarch64-darwin
318076049,pdfslicer,x86_64-darwin
318076056,pdftoipe,aarch64-darwin
318076057,pdftoipe,aarch64-linux
318076058,pdftoipe,x86_64-darwin
318076059,pdftoipe,x86_64-linux
318076204,percona-xtrabackup,aarch64-linux
318076207,percona-xtrabackup_8_0,aarch64-linux
318076209,percona-xtrabackup_8_4,aarch64-linux
318084224,perlPackages.BerkeleyDB,aarch64-darwin
318084221,perlPackages.BerkeleyDB,x86_64-darwin
318084235,perlPackages.BoostGeometryUtils,aarch64-darwin
318084246,perlPackages.BoostGeometryUtils,x86_64-darwin
318085121,perlPackages.CryptOpenSSLAES,aarch64-darwin
318085115,perlPackages.CryptOpenSSLAES,x86_64-darwin
318085773,perlPackages.DeviceSerialPort,aarch64-darwin
318086504,perlPackages.FutureIO,aarch64-darwin
318087717,perlPackages.MathPari,aarch64-darwin
318088514,perlPackages.NetIPXS,aarch64-darwin
318089595,perlPackages.SDL,aarch64-darwin
318089461,perlPackages.SDL,aarch64-linux
318089569,perlPackages.SDL,x86_64-darwin
318089594,perlPackages.SDL,x86_64-linux
318090183,perlPackages.TestLWPUserAgent,aarch64-darwin
318090168,perlPackages.TestLWPUserAgent,x86_64-darwin
318091322,perlPackages.libapreq2,aarch64-linux
318091291,perlPackages.libapreq2,x86_64-linux
318092333,php82Packages.php-codesniffer,aarch64-darwin
318092211,php82Packages.php-codesniffer,aarch64-linux
318092221,php82Packages.php-codesniffer,x86_64-darwin
318092213,php82Packages.php-codesniffer,x86_64-linux
318092682,php83Packages.php-codesniffer,aarch64-darwin
318092680,php83Packages.php-codesniffer,aarch64-linux
318092730,php83Packages.php-codesniffer,x86_64-darwin
318092684,php83Packages.php-codesniffer,x86_64-linux
318093160,php84Packages.php-codesniffer,aarch64-darwin
318093147,php84Packages.php-codesniffer,aarch64-linux
318093169,php84Packages.php-codesniffer,x86_64-darwin
318093148,php84Packages.php-codesniffer,x86_64-linux
318093607,phpPackages.php-codesniffer,aarch64-darwin
318093606,phpPackages.php-codesniffer,aarch64-linux
318093610,phpPackages.php-codesniffer,x86_64-darwin
318093612,phpPackages.php-codesniffer,x86_64-linux
318093683,phytool,aarch64-darwin
318093682,phytool,x86_64-darwin
318093701,picat,aarch64-darwin
318093703,picat,x86_64-darwin
318093733,picolibc,aarch64-darwin
318093737,picolibc,aarch64-linux
318093739,picolibc,x86_64-darwin
318093807,pidginPackages.purple-lurch,aarch64-linux
318093814,pidginPackages.purple-lurch,x86_64-linux
318093864,pike,aarch64-linux
318093968,pinokio,x86_64-darwin
318094364,pkgsRocm.opensplat,x86_64-linux
318094618,pkgsRocm.python3Packages.pymanopt,x86_64-linux
318094686,pkgsRocm.python3Packages.sirius,x86_64-linux
318094701,pkgsRocm.python3Packages.syne-tune,x86_64-linux
318094691,pkgsRocm.python3Packages.tinygrad,x86_64-linux
318094698,pkgsRocm.python3Packages.torchao,x86_64-linux
318094702,pkgsRocm.python3Packages.torchcodec,x86_64-linux
318094703,pkgsRocm.python3Packages.torchdata,x86_64-linux
318094764,pkgsRocm.sirius,x86_64-linux
318095142,plasma5Packages.libcommuni,aarch64-darwin
318095145,plasma5Packages.libcommuni,x86_64-darwin
318095282,plasma5Packages.mlt,aarch64-darwin
318095205,plasma5Packages.mlt,x86_64-darwin
318095190,plasma5Packages.phonon,aarch64-darwin
318095185,plasma5Packages.phonon,x86_64-darwin
318095222,plasma5Packages.pulseaudio-qt,aarch64-darwin
318095224,plasma5Packages.pulseaudio-qt,x86_64-darwin
318095248,plasma5Packages.qoauth,aarch64-darwin
318095240,plasma5Packages.qoauth,x86_64-darwin
318095488,plasma5Packages.qtmpris,aarch64-darwin
318095489,plasma5Packages.qtmpris,x86_64-darwin
318095842,plzip,aarch64-darwin
318095846,plzip,x86_64-darwin
318096142,polkadot,aarch64-darwin
318096150,polkadot,x86_64-darwin
318096407,postgresql14Packages.omnigres,aarch64-darwin
318096404,postgresql14Packages.omnigres,aarch64-linux
318096398,postgresql14Packages.omnigres,x86_64-linux
318096784,postgresql15Packages.omnigres,aarch64-darwin
318096744,postgresql15Packages.omnigres,aarch64-linux
318096678,postgresql15Packages.omnigres,x86_64-linux
318096945,postgresql16Packages.omnigres,aarch64-darwin
318096939,postgresql16Packages.omnigres,aarch64-linux
318096968,postgresql16Packages.omnigres,x86_64-linux
318097174,postgresql17Packages.omnigres,aarch64-darwin
318097196,postgresql17Packages.omnigres,aarch64-linux
318097211,postgresql17Packages.omnigres,x86_64-linux
318097467,postgresql18Packages.omnigres,aarch64-darwin
318097403,postgresql18Packages.omnigres,aarch64-linux
318097416,postgresql18Packages.omnigres,x86_64-linux
318097639,postgresqlPackages.omnigres,aarch64-darwin
318097671,postgresqlPackages.omnigres,aarch64-linux
318097688,postgresqlPackages.omnigres,x86_64-linux
318097917,postsrsd,aarch64-darwin
318097920,postsrsd,x86_64-darwin
318098007,powertabeditor,aarch64-darwin
318098003,powertabeditor,x86_64-darwin
318098066,pq-cli,aarch64-linux
318098062,pq-cli,x86_64-darwin
318098064,pq-cli,x86_64-linux
318098232,prime-server,aarch64-darwin
318098236,prime-server,x86_64-darwin
318098615,prometheus-mikrotik-exporter,aarch64-darwin
318098618,prometheus-mikrotik-exporter,x86_64-darwin
318098772,prometheus-statsd-exporter,x86_64-darwin
318098855,proteus,aarch64-linux
318098854,proteus,x86_64-linux
318099099,prox,x86_64-darwin
318099497,puredata,aarch64-darwin
318099501,puredata,x86_64-darwin
318099535,pvsneslib,aarch64-darwin
318099536,pvsneslib,aarch64-linux
318099537,pvsneslib,x86_64-darwin
318099538,pvsneslib,x86_64-linux
318099647,pycoin,aarch64-darwin
318099693,pyinfra,aarch64-darwin
318099694,pyinfra,aarch64-linux
318099697,pyinfra,x86_64-darwin
318099701,pyinfra,x86_64-linux
318100109,python313Packages.agate,aarch64-darwin
318100108,python313Packages.agate,x86_64-darwin
318100766,python313Packages.aiorwlock,aarch64-darwin
318100768,python313Packages.aiorwlock,aarch64-linux
318100769,python313Packages.aiorwlock,x86_64-darwin
318100770,python313Packages.aiorwlock,x86_64-linux
318100828,python313Packages.aiosonic,aarch64-darwin
318100832,python313Packages.aiosonic,x86_64-darwin
318101148,python313Packages.amazon-ion,aarch64-darwin
318101153,python313Packages.amazon-ion,x86_64-darwin
318102752,python313Packages.ax-platform,aarch64-linux
318103948,python313Packages.bugwarrior,aarch64-darwin
318104076,python313Packages.bugwarrior,x86_64-darwin
318104111,python313Packages.canopen,x86_64-darwin
318104903,python313Packages.clr-loader,aarch64-darwin
318104830,python313Packages.clr-loader,aarch64-linux
318104821,python313Packages.clr-loader,x86_64-darwin
318104820,python313Packages.clr-loader,x86_64-linux
318105388,python313Packages.control,aarch64-darwin
318105401,python313Packages.control,x86_64-darwin
318105852,python313Packages.cyclonedds-python,aarch64-darwin
318105846,python313Packages.cyclonedds-python,aarch64-linux
318105850,python313Packages.cyclonedds-python,x86_64-darwin
318105857,python313Packages.cyclonedds-python,x86_64-linux
318105972,python313Packages.dashscope,aarch64-darwin
318105974,python313Packages.dashscope,x86_64-darwin
318106383,python313Packages.deepsearch-glm,aarch64-darwin
318106378,python313Packages.deepsearch-glm,aarch64-linux
318106380,python313Packages.deepsearch-glm,x86_64-darwin
318106391,python313Packages.deepsearch-glm,x86_64-linux
318106554,python313Packages.devito,aarch64-darwin
318106556,python313Packages.devito,aarch64-linux
318106567,python313Packages.devito,x86_64-darwin
318106560,python313Packages.devito,x86_64-linux
318106658,python313Packages.diofant,aarch64-darwin
318106659,python313Packages.diofant,aarch64-linux
318106660,python313Packages.diofant,x86_64-darwin
318106661,python313Packages.diofant,x86_64-linux
318107687,python313Packages.dmsuite,x86_64-darwin
318107860,python313Packages.donut-shellcode,aarch64-darwin
318107866,python313Packages.donut-shellcode,aarch64-linux
318107861,python313Packages.donut-shellcode,x86_64-darwin
318108721,python313Packages.esig,aarch64-darwin
318108725,python313Packages.esig,aarch64-linux
318108729,python313Packages.esig,x86_64-darwin
318108722,python313Packages.esig,x86_64-linux
318108780,python313Packages.etelemetry,aarch64-darwin
318108781,python313Packages.etelemetry,x86_64-darwin
318109484,python313Packages.fenics-dolfinx,aarch64-darwin
318109421,python313Packages.filterpy,aarch64-darwin
318110710,python313Packages.git-dummy,aarch64-darwin
318110713,python313Packages.git-dummy,x86_64-darwin
318111885,python313Packages.hebg,aarch64-darwin
318111894,python313Packages.hebg,aarch64-linux
318111895,python313Packages.hebg,x86_64-darwin
318111893,python313Packages.hebg,x86_64-linux
318112066,python313Packages.hmmlearn,aarch64-darwin
318112068,python313Packages.hmmlearn,aarch64-linux
318112067,python313Packages.hmmlearn,x86_64-darwin
318112680,python313Packages.imagededup,x86_64-darwin
318113289,python313Packages.iterfzf,aarch64-darwin
318113294,python313Packages.iterfzf,x86_64-darwin
318113533,python313Packages.johnnycanencrypt,aarch64-darwin
318113536,python313Packages.johnnycanencrypt,aarch64-linux
318113537,python313Packages.johnnycanencrypt,x86_64-darwin
318113540,python313Packages.johnnycanencrypt,x86_64-linux
318114230,python313Packages.klayout,aarch64-darwin
318114233,python313Packages.klayout,x86_64-darwin
318114291,python313Packages.kopf,aarch64-linux
318114293,python313Packages.kopf,x86_64-darwin
318114912,python313Packages.libredwg,aarch64-darwin
318114914,python313Packages.libredwg,x86_64-darwin
318115088,python313Packages.line-profiler,aarch64-darwin
318115094,python313Packages.line-profiler,aarch64-linux
318115090,python313Packages.line-profiler,x86_64-darwin
318115093,python313Packages.line-profiler,x86_64-linux
318115577,python313Packages.locust-cloud,aarch64-linux
318115583,python313Packages.locust-cloud,x86_64-linux
318116887,python313Packages.mlt,aarch64-darwin
318116881,python313Packages.mlt,x86_64-darwin
318116883,python313Packages.mlx,aarch64-darwin
318117078,python313Packages.monosat,aarch64-darwin
318117079,python313Packages.monosat,aarch64-linux
318117082,python313Packages.monosat,x86_64-darwin
318117111,python313Packages.monosat,x86_64-linux
318119279,python313Packages.netgen-mesher,aarch64-darwin
318119282,python313Packages.netgen-mesher,x86_64-darwin
318119374,python313Packages.nfcpy,x86_64-darwin
318119470,python313Packages.niquests,aarch64-darwin
318119472,python313Packages.niquests,x86_64-darwin
318120186,python313Packages.openbabel,aarch64-linux
318120348,python313Packages.opentelemetry-instrumentation-botocore,aarch64-darwin
318120349,python313Packages.opentelemetry-instrumentation-botocore,aarch64-linux
318120351,python313Packages.opentelemetry-instrumentation-botocore,x86_64-darwin
318120350,python313Packages.opentelemetry-instrumentation-botocore,x86_64-linux
318120519,python313Packages.opytimark,x86_64-linux
318120748,python313Packages.overpy,x86_64-darwin
318121463,python313Packages.pgmpy,aarch64-linux
318121611,python313Packages.pilight,aarch64-darwin
318121612,python313Packages.pilight,x86_64-darwin
318122421,python313Packages.protobuf4,aarch64-darwin
318122420,python313Packages.protobuf4,aarch64-linux
318122423,python313Packages.protobuf4,x86_64-darwin
318122422,python313Packages.protobuf4,x86_64-linux
318122430,python313Packages.proton-client,aarch64-linux
318122439,python313Packages.proton-client,x86_64-linux
318122433,python313Packages.proton-core,aarch64-darwin
318122427,python313Packages.proton-core,x86_64-darwin
318122541,python313Packages.psycopg2cffi,aarch64-linux
318122556,python313Packages.psycopg2cffi,x86_64-linux
318122811,python313Packages.py-multiaddr,aarch64-darwin
318122801,python313Packages.py-multiaddr,aarch64-linux
318122797,python313Packages.py-multiaddr,x86_64-darwin
318122795,python313Packages.py-multiaddr,x86_64-linux
318122842,python313Packages.py-slvs,aarch64-darwin
318122845,python313Packages.py-slvs,aarch64-linux
318122848,python313Packages.py-slvs,x86_64-darwin
318122847,python313Packages.py-slvs,x86_64-linux
318122991,python313Packages.pyamg,aarch64-darwin
318122999,python313Packages.pyamg,x86_64-darwin
318123355,python313Packages.pycoin,aarch64-darwin
318124213,python313Packages.pyhanko,aarch64-darwin
318124240,python313Packages.pyhanko,x86_64-darwin
318124293,python313Packages.pyinfra,aarch64-darwin
318124300,python313Packages.pyinfra,aarch64-linux
318124304,python313Packages.pyinfra,x86_64-darwin
318124301,python313Packages.pyinfra,x86_64-linux
318124350,python313Packages.pyitachip2ir,aarch64-darwin
318124357,python313Packages.pyitachip2ir,x86_64-darwin
318124421,python313Packages.pykdtree,aarch64-linux
318124530,python313Packages.pylette,aarch64-darwin
318124532,python313Packages.pylette,aarch64-linux
318124533,python313Packages.pylette,x86_64-darwin
318124536,python313Packages.pylette,x86_64-linux
318124929,python313Packages.pymssql,aarch64-darwin
318124923,python313Packages.pymssql,aarch64-linux
318124925,python313Packages.pymssql,x86_64-darwin
318124927,python313Packages.pymssql,x86_64-linux
318125173,python313Packages.pyopen-wakeword,aarch64-linux
318125822,python313Packages.pyscf,aarch64-darwin
318125858,python313Packages.pysdl3,aarch64-darwin
318125865,python313Packages.pysdl3,x86_64-darwin
318125929,python313Packages.pyside6-qtads,aarch64-darwin
318126014,python313Packages.pyside6-qtads,x86_64-darwin
318126089,python313Packages.pysnooper,aarch64-darwin
318126091,python313Packages.pysnooper,x86_64-darwin
318126186,python313Packages.pysqlcipher3,aarch64-darwin
318126191,python313Packages.pysqlcipher3,aarch64-linux
318126188,python313Packages.pysqlcipher3,x86_64-darwin
318126190,python313Packages.pysqlcipher3,x86_64-linux
318126999,python313Packages.python-binance,aarch64-darwin
318126998,python313Packages.python-binance,aarch64-linux
318127003,python313Packages.python-binance,x86_64-darwin
318127000,python313Packages.python-binance,x86_64-linux
318127119,python313Packages.python-djvulibre,aarch64-darwin
318127150,python313Packages.python-djvulibre,x86_64-darwin
318127188,python313Packages.python-fontconfig,x86_64-darwin
318127590,python313Packages.python-prctl,aarch64-linux
318127615,python313Packages.python-redis-lock,aarch64-darwin
318127619,python313Packages.python-redis-lock,x86_64-darwin
318128379,python313Packages.pywebview,aarch64-darwin
318128270,python313Packages.pywebview,x86_64-darwin
318128282,python313Packages.pywinbox,aarch64-darwin
318128288,python313Packages.pywinbox,x86_64-darwin
318128765,python313Packages.raylib-python-cffi,aarch64-darwin
318128762,python313Packages.raylib-python-cffi,x86_64-darwin
318128817,python313Packages.rds2py,aarch64-darwin
318128812,python313Packages.rds2py,x86_64-darwin
318128930,python313Packages.recoll,aarch64-darwin
318128928,python313Packages.recoll,x86_64-darwin
318128899,python313Packages.redbaron,aarch64-darwin
318128901,python313Packages.redbaron,aarch64-linux
318128900,python313Packages.redbaron,x86_64-darwin
318128903,python313Packages.redbaron,x86_64-linux
318129646,python313Packages.root,aarch64-darwin
318129596,python313Packages.root,x86_64-darwin
318129885,python313Packages.salmon-mail,aarch64-darwin
318129888,python313Packages.salmon-mail,aarch64-linux
318129891,python313Packages.salmon-mail,x86_64-darwin
318129892,python313Packages.salmon-mail,x86_64-linux
318130099,python313Packages.scikit-survival,aarch64-linux
318130185,python313Packages.scrapy-fake-useragent,aarch64-linux
318130217,python313Packages.scrapy-fake-useragent,x86_64-darwin
318130180,python313Packages.scrapy-fake-useragent,x86_64-linux
318130212,python313Packages.scrapy-splash,aarch64-linux
318130191,python313Packages.scrapy-splash,x86_64-darwin
318130241,python313Packages.scrapy-splash,x86_64-linux
318131261,python313Packages.solidpython2,aarch64-darwin
318131257,python313Packages.solidpython2,x86_64-darwin
318131993,python313Packages.srctools,aarch64-darwin
318131994,python313Packages.srctools,aarch64-linux
318132645,python313Packages.swh-shard,aarch64-darwin
318132650,python313Packages.swh-shard,x86_64-darwin
318132770,python313Packages.syne-tune,aarch64-linux
318136934,python313Packages.utitools,aarch64-darwin
318136936,python313Packages.utitools,x86_64-darwin
318137288,python313Packages.vowpalwabbit,aarch64-darwin
318137287,python313Packages.vowpalwabbit,x86_64-darwin
318137890,python313Packages.ws4py,aarch64-darwin
318137889,python313Packages.ws4py,x86_64-darwin
318138239,python313Packages.xtensor-python,aarch64-darwin
318138242,python313Packages.xtensor-python,aarch64-linux
318138241,python313Packages.xtensor-python,x86_64-darwin
318138243,python313Packages.xtensor-python,x86_64-linux
318175325,qcm,aarch64-linux
318175265,qcm,x86_64-linux
318175313,qemu-python-utils,x86_64-darwin
318175347,qgo,aarch64-darwin
318175427,qgo,x86_64-darwin
318175348,qgrep,aarch64-darwin
318175350,qgrep,x86_64-darwin
318175410,qmic,aarch64-darwin
318175537,qrq,aarch64-darwin
318175527,qrq,x86_64-darwin
318175906,qt6Packages.appstream-qt,aarch64-darwin
318175909,qt6Packages.appstream-qt,x86_64-darwin
318175951,qt6Packages.mlt,aarch64-darwin
318175950,qt6Packages.mlt,x86_64-darwin
318176207,qt6Packages.wayqt,aarch64-linux
318176208,qt6Packages.wayqt,x86_64-linux
318176253,qtwebapp,aarch64-darwin
318176260,qtwebapp,x86_64-darwin
318176299,quantframe,aarch64-linux
318176305,quantframe,x86_64-linux
318176314,quartz-wm,aarch64-darwin
318176313,quartz-wm,x86_64-darwin
318176319,quasselDaemon,aarch64-darwin
318176376,quast,aarch64-darwin
318176324,quast,aarch64-linux
318176339,quast,x86_64-darwin
318176332,quast,x86_64-linux
318176330,quaternion-qt6,aarch64-darwin
318176335,quaternion-qt6,aarch64-linux
318176345,quaternion-qt6,x86_64-darwin
318176334,quaternion-qt6,x86_64-linux
318176329,quaternion,aarch64-darwin
318176327,quaternion,aarch64-linux
318176333,quaternion,x86_64-darwin
318176331,quaternion,x86_64-linux
318176539,racket-minimal,aarch64-darwin
318176541,racket-minimal,x86_64-darwin
318176563,radiance,aarch64-darwin
318176564,radiance,aarch64-linux
318176565,radiance,x86_64-darwin
318176566,radiance,x86_64-linux
318176777,rappel,aarch64-linux
318177106,ratpoints,aarch64-darwin
318177111,ratpoints,x86_64-darwin
318176916,rbdoom-3-bfg,aarch64-darwin
318176914,rbdoom-3-bfg,x86_64-darwin
318177048,reaction,x86_64-linux
318177140,reaper-sws-extension,aarch64-darwin
318177141,reaper-sws-extension,x86_64-darwin
318177214,recoll-nox,aarch64-darwin
318177237,recoll-nox,x86_64-darwin
318177213,recoll,aarch64-darwin
318177223,recoll,x86_64-darwin
318177478,remarkable-toolchain,x86_64-linux
318177482,remarkable2-toolchain,x86_64-linux
318177583,repak,aarch64-darwin
318177586,repak,aarch64-linux
318177588,repak,x86_64-darwin
318177606,replibyte,aarch64-darwin
318177605,replibyte,x86_64-darwin
318177618,repomix,x86_64-darwin
318177641,reprepro,aarch64-darwin
318177659,reprepro,x86_64-darwin
318177673,rescrobbled,aarch64-darwin
318177675,rescrobbled,x86_64-darwin
318177763,retdec,x86_64-linux
318177770,rethinkdb,aarch64-darwin
318177773,rethinkdb,x86_64-darwin
318177796,retrofe,aarch64-linux
318177797,retrofe,x86_64-linux
318177799,retroshare,aarch64-linux
318177800,retroshare,x86_64-linux
318177913,rhvoice,aarch64-darwin
318177916,rhvoice,x86_64-darwin
318178093,ristate,aarch64-darwin
318178096,ristate,x86_64-darwin
318178115,river-filtile,aarch64-darwin
318178117,river-filtile,x86_64-darwin
318178155,rkdeveloptool-pine64,aarch64-darwin
318178159,rkdeveloptool-pine64,x86_64-darwin
318178199,rlottie,aarch64-darwin
318178200,rlottie,x86_64-darwin
318178284,rnnoise-plugin,aarch64-darwin
318178292,rnnoise-plugin,x86_64-darwin
318178675,rosie,aarch64-darwin
318178676,rosie,x86_64-darwin
318178785,rp,aarch64-linux
318178848,rpm-ostree,aarch64-linux
318178836,rpm-ostree,x86_64-linux
318178935,rsop,aarch64-darwin
318179019,rstudio,x86_64-darwin
318184772,rubyPackages_4_0.hpricot,x86_64-linux
318184808,rubyPackages_4_0.iconv,aarch64-linux
318184811,rubyPackages_4_0.iconv,x86_64-linux
318185563,rubyPackages_4_0.ruby-lxc,aarch64-linux
318185568,rubyPackages_4_0.ruby-lxc,x86_64-linux
318186197,rvvm,aarch64-darwin
318186199,rvvm,x86_64-darwin
318186220,rx,x86_64-linux
318186427,sacrifice,x86_64-darwin
318186500,salmon,aarch64-darwin
318186501,salmon,x86_64-darwin
318186539,sambamba,x86_64-darwin
318186540,sambamba,x86_64-linux
318186691,sawfish,aarch64-darwin
318186706,sawfish,x86_64-darwin
318186743,sbcl,x86_64-darwin
318187095,sbclPackages.cl-gtk2-glib,aarch64-darwin
318187096,sbclPackages.cl-gtk2-glib,aarch64-linux
318187193,sbclPackages.cl-notify,aarch64-darwin
318187548,sbclPackages.enchant,aarch64-darwin
318187549,sbclPackages.enchant,aarch64-linux
318187552,sbclPackages.enchant,x86_64-linux
318188085,sbclPackages.qt-libs,aarch64-darwin
318188084,sbclPackages.qt-libs,aarch64-linux
318188083,sbclPackages.qt-libs,x86_64-linux
318186746,sbcl_2_4_6,x86_64-darwin
318186755,sbcl_2_5_10,x86_64-darwin
318186756,sbcl_2_5_9,x86_64-darwin
318188680,scion-apps,aarch64-darwin
318188679,scion-apps,aarch64-linux
318188682,scion-apps,x86_64-darwin
318188681,scion-apps,x86_64-linux
318188708,scipopt-zimpl,aarch64-darwin
318188713,scipopt-zimpl,x86_64-darwin
318188883,sct,aarch64-linux
318189183,send,x86_64-linux
318189325,serious-sam-classic-vulkan,aarch64-linux
318189324,serious-sam-classic-vulkan,x86_64-linux
318189460,sfrotz,x86_64-linux
318189464,sftool-gui,aarch64-darwin
318189461,sftool-gui,aarch64-linux
318189472,sftool-gui,x86_64-darwin
318189489,sftool-gui,x86_64-linux
318189486,sgfutils,aarch64-darwin
318189485,sgfutils,x86_64-darwin
318189509,sgx-psw,x86_64-linux
318189502,sgx-sdk,x86_64-linux
318189908,siege,aarch64-darwin
318189910,siege,x86_64-darwin
318190234,singular,aarch64-darwin
318190373,skia-aseprite,aarch64-linux
318190511,skypilot,aarch64-darwin
318190510,skypilot,aarch64-linux
318190508,skypilot,x86_64-darwin
318190517,skypilot,x86_64-linux
318190548,sleek-todo,x86_64-darwin
318191459,snowflake-cli,aarch64-darwin
318191051,snowflake-cli,aarch64-linux
318191251,snowflake-cli,x86_64-darwin
318191073,snowflake-cli,x86_64-linux
318191049,snpeff,aarch64-darwin
318191050,snpeff,x86_64-darwin
318191433,source-meta-json-schema,aarch64-darwin
318191430,source-meta-json-schema,x86_64-darwin
318191475,sourcekit-lsp,x86_64-darwin
318191481,sozu,x86_64-darwin
318191662,speech-tools,aarch64-darwin
318191664,speech-tools,x86_64-darwin
318191716,spglib,aarch64-darwin
318191902,spnavcfg,aarch64-darwin
318191890,spnavcfg,x86_64-darwin
318191973,sptk,aarch64-darwin
318191974,sptk,aarch64-linux
318191975,sptk,x86_64-darwin
318191976,sptk,x86_64-linux
318192267,sse2neon,aarch64-darwin
318192514,stag,aarch64-darwin
318192516,stag,x86_64-darwin
318192962,stog,aarch64-darwin
318192928,stract,aarch64-darwin
318192932,stract,aarch64-linux
318192931,stract,x86_64-darwin
318192930,stract,x86_64-linux
318193093,stuntrally,aarch64-linux
318193088,stuntrally,x86_64-linux
318193175,substudy,x86_64-linux
318193360,surelog,aarch64-darwin
318193362,surelog,x86_64-darwin
318193670,sweethome3d.application,aarch64-darwin
318193671,sweethome3d.application,x86_64-darwin
318193744,swiftPackages.sourcekit-lsp,x86_64-darwin
318193730,swiftPackages.swift-unwrapped,aarch64-linux
318193732,swiftPackages.swift-unwrapped,x86_64-linux
318194295,switchfin,aarch64-darwin
318194102,switchfin,x86_64-darwin
318193810,swt,aarch64-darwin
318193811,swt,aarch64-linux
318193814,swt,x86_64-darwin
318193818,swt,x86_64-linux
318193913,sympa,aarch64-darwin
318193901,sympa,aarch64-linux
318193940,sympa,x86_64-darwin
318194065,sympa,x86_64-linux
318193884,sympow,x86_64-darwin
318194085,syzkaller,aarch64-darwin
318194256,taisei,aarch64-darwin
318194257,taisei,aarch64-linux
318194258,taisei,x86_64-darwin
318194765,taisei,x86_64-linux
318194305,talkfilters,aarch64-darwin
318194308,talkfilters,x86_64-darwin
318194425,tartan,aarch64-linux
318194426,tartan,x86_64-linux
318194512,tau-hydrogen,aarch64-darwin
318194513,tau-hydrogen,aarch64-linux
318194518,tau-hydrogen,x86_64-darwin
318194519,tau-hydrogen,x86_64-linux
318195061,tengine,aarch64-darwin
318195079,tengine,x86_64-darwin
318195074,teos-watchtower-plugin,aarch64-darwin
318195086,teos-watchtower-plugin,x86_64-darwin
318196072,tests.build-environment-info,aarch64-darwin
318196040,tests.build-environment-info,aarch64-linux
318196065,tests.build-environment-info,x86_64-darwin
318196042,tests.build-environment-info,x86_64-linux
318196513,tests.cc-multilib-clang,x86_64-linux
318196506,tests.cc-wrapper.default,aarch64-darwin
318196508,tests.cc-wrapper.default,x86_64-darwin
318196590,tests.cc-wrapper.gccTests.gccMultiStdenv,x86_64-linux
318196530,tests.cc-wrapper.llvmTests.llvmPackages.clang,aarch64-darwin
318196533,tests.cc-wrapper.llvmTests.llvmPackages.clang,x86_64-darwin
318196539,tests.cc-wrapper.llvmTests.llvmPackages_18.clang,aarch64-darwin
318196554,tests.cc-wrapper.llvmTests.llvmPackages_18.libcxx,aarch64-darwin
318196549,tests.cc-wrapper.llvmTests.llvmPackages_19.clang,aarch64-darwin
318196555,tests.cc-wrapper.llvmTests.llvmPackages_19.libcxx,aarch64-darwin
318196552,tests.cc-wrapper.llvmTests.llvmPackages_20.clang,aarch64-darwin
318196575,tests.cc-wrapper.llvmTests.llvmPackages_21.clang,aarch64-darwin
318196569,tests.cc-wrapper.llvmTests.llvmPackages_21.clang,x86_64-darwin
318197384,tests.hardeningFlags-gcc.fortify3ExplicitEnabledExecTest,aarch64-darwin
318197355,tests.hardeningFlags-gcc.fortify3ExplicitEnabledExecTest,x86_64-darwin
318197429,tests.hardeningFlags-gcc.sfa1explicitEnabledExecTest,aarch64-darwin
318197430,tests.hardeningFlags-gcc.sfa1explicitEnabledExecTest,x86_64-darwin
318197439,tests.hardeningFlags-gcc.sfa3StdenvUnsuppDoesntUnsuppSfa1ExecTest,aarch64-darwin
318197447,tests.hardeningFlags-gcc.sfa3StdenvUnsuppDoesntUnsuppSfa1ExecTest,x86_64-darwin
318197449,tests.hardeningFlags-gcc.sfa3explicitDisabledDoesntDisableSfa1ExecTest,aarch64-darwin
318197452,tests.hardeningFlags-gcc.sfa3explicitDisabledDoesntDisableSfa1ExecTest,x86_64-darwin
318197461,tests.hardeningFlags-gcc.sfa3explicitEnabledProtectsDefLen1ExecTest,aarch64-darwin
318197464,tests.hardeningFlags-gcc.sfa3explicitEnabledProtectsDefLen1ExecTest,x86_64-darwin
318197731,tests.importCargoLock.maturin,aarch64-darwin
318197732,tests.importCargoLock.maturin,aarch64-linux
318197681,tests.importCargoLock.maturin,x86_64-darwin
318197733,tests.importCargoLock.maturin,x86_64-linux
318198870,tests.testers.hasCmakeConfigModules.eigen-does-not-have-eigen,aarch64-darwin
318198872,tests.testers.hasCmakeConfigModules.eigen-does-not-have-eigen,x86_64-darwin
318199964,tic-80,aarch64-darwin
318200215,tic-80,x86_64-darwin
318200213,tinycc,x86_64-darwin
318200344,tkgl,aarch64-darwin
318200342,tkgl,x86_64-darwin
318202109,tpm2-tss,aarch64-darwin
318201103,tpm2-tss,x86_64-darwin
318201344,transmission-rss,aarch64-darwin
318201348,transmission-rss,x86_64-darwin
318202008,trgui-ng,aarch64-darwin
318202004,trgui-ng,x86_64-darwin
318202116,truecrack,x86_64-darwin
318202166,ts-warp,aarch64-darwin
318202170,ts-warp,x86_64-darwin
318202186,tsduck,aarch64-darwin
318202187,tsduck,x86_64-darwin
318202649,txr,aarch64-darwin
318202651,txr,x86_64-darwin
318218618,ucode,aarch64-darwin
318218617,ucode,x86_64-darwin
318218838,uhd,aarch64-darwin
318218807,uhd,x86_64-darwin
318218809,uhdMinimal,aarch64-darwin
318218811,uhdMinimal,x86_64-darwin
318218906,ulfius,aarch64-darwin
318218864,ulfius,x86_64-darwin
318219158,unity-test,aarch64-darwin
318219159,unity-test,x86_64-darwin
318219332,unshieldv3,aarch64-darwin
318219342,unshieldv3,x86_64-darwin
318219557,urn-timer,aarch64-darwin
318219576,urn-timer,x86_64-darwin
318219569,urweb,aarch64-darwin
318219575,urweb,x86_64-darwin
318219802,uxn11,aarch64-darwin
318219804,uxn11,x86_64-darwin
318219936,vangers,aarch64-darwin
318219937,vangers,aarch64-linux
318219939,vangers,x86_64-darwin
318219938,vangers,x86_64-linux
318219974,vapoursynth-eedi3,x86_64-linux
318219984,vapoursynth-nnedi3,aarch64-darwin
318219980,vapoursynth-nnedi3,aarch64-linux
318219983,vapoursynth-nnedi3cl,x86_64-linux
318220074,vc4-newlib,aarch64-darwin
318220073,vc4-newlib,x86_64-darwin
318220090,vcdimager,aarch64-darwin
318220085,vcdimager,x86_64-darwin
318220344,velocity,aarch64-linux
318220346,velocity,x86_64-linux
318220271,vengi-tools,aarch64-linux
318220275,vengi-tools,x86_64-linux
318220401,veridian,aarch64-linux
318220327,veridian,x86_64-linux
318220336,vertcoin,aarch64-linux
318220345,vertcoin,x86_64-linux
318220335,vertcoind,aarch64-linux
318220337,vertcoind,x86_64-linux
318220349,vesta,aarch64-darwin
318220351,vesta,x86_64-darwin
318220367,vgm2x,aarch64-darwin
318220369,vgm2x,x86_64-darwin
318222442,vixl,aarch64-darwin
318222444,vixl,x86_64-darwin
318222463,vkdt,aarch64-linux
318222604,vorbisgain,aarch64-darwin
318222603,vorbisgain,x86_64-darwin
318222611,vowpal-wabbit,aarch64-darwin
318222610,vowpal-wabbit,aarch64-linux
318222612,vowpal-wabbit,x86_64-darwin
318222613,vowpal-wabbit,x86_64-linux
318224782,wamrc,aarch64-darwin
318224784,wamrc,aarch64-linux
318224783,wamrc,x86_64-darwin
318224785,wamrc,x86_64-linux
318224891,wasmer,x86_64-darwin
318224897,wasmer,x86_64-linux
318225082,wayv,aarch64-linux
318225083,wayv,x86_64-linux
318225421,welle-io,aarch64-darwin
318225418,welle-io,x86_64-darwin
318225614,wiiuse,aarch64-darwin
318225613,wiiuse,x86_64-darwin
318225680,windowtolayer,aarch64-darwin
318225681,windowtolayer,x86_64-darwin
318226366,wownero,aarch64-darwin
318226368,wownero,x86_64-darwin
318226575,wxc,aarch64-darwin
318226586,wxc,x86_64-darwin
318227024,xdriinfo,aarch64-darwin
318227029,xdriinfo,x86_64-darwin
318227061,xed,x86_64-darwin
318227093,xephem,aarch64-darwin
318227092,xephem,x86_64-darwin
318227118,xf86-input-cmt,aarch64-linux
318227117,xf86-input-cmt,x86_64-linux
318227272,xhosts,aarch64-darwin
318227275,xhosts,x86_64-darwin
318227426,xmake,aarch64-darwin
318227429,xmake,x86_64-darwin
318227537,xmoto,aarch64-darwin
318227547,xmoto,x86_64-darwin
318227587,xob,aarch64-darwin
318227589,xob,x86_64-darwin
318227594,xonotic-dedicated-unwrapped,aarch64-darwin
318227595,xonotic-dedicated-unwrapped,x86_64-darwin
318227603,xonotic-sdl-unwrapped,aarch64-darwin
318227602,xonotic-sdl-unwrapped,x86_64-darwin
318228066,xorg.xdriinfo,aarch64-darwin
318228069,xorg.xdriinfo,x86_64-darwin
318228095,xorg.xf86videoapm,aarch64-linux
318228100,xorg.xf86videoast,aarch64-linux
318228104,xorg.xf86videochips,aarch64-linux
318228114,xorg.xf86videoi740,aarch64-linux
318228131,xorg.xf86videoopenchrome,aarch64-linux
318228136,xorg.xf86videoopenchrome,x86_64-linux
318228139,xorg.xf86videosis,aarch64-linux
318228146,xorg.xf86videotdfx,aarch64-linux
318228148,xorg.xf86videotrident,aarch64-linux
318228153,xorg.xf86videovboxvideo,aarch64-linux
318228154,xorg.xf86videovesa,aarch64-linux
318228581,xsnow,aarch64-darwin
318228535,xsnow,aarch64-linux
318228565,xsnow,x86_64-darwin
318228566,xstow,aarch64-darwin
318228568,xstow,x86_64-darwin
318228653,xtreemfs,aarch64-linux
318228631,xtreemfs,x86_64-linux
318229728,zee,aarch64-darwin
318229730,zee,x86_64-darwin
318229909,zig-zlint,aarch64-darwin
318230453,zug,aarch64-darwin
318230454,zug,x86_64-darwin
